personalname,parentname,ethnicname,partnername,grandparentname,ethnicity,gender
100,432,,,,,
10012,76,,,,,
10012,,,,,,
10012,223,,,,,
10012|14458,,,,,,
1003,2241,,,,,
10030|10031|10032,,,,,,
10034,,,,,,
10036,,,,,,
1007,,,,,,
1008,,,,,,
10080,,,,,,
10085|786,,,,,,
10099,335,,,,,
101,1297,,,,,
1012,196,,,,,
1014,1757,,,,,
1015,184,,,,,
10165,,,,,,
1017,,,,,,
1019,1257,,385,,,
102,102,,,,,
1020,4112,,,,,
1020,141,,,,,
1020,123,,,,,
1020,2287,,,,,
10203,,,,,,
1023,,,,,,
10260,,2052,,,,
10269,264,,,,,
10275,10276,,,,,
10275,11730,,,,,
1028,,,623,,,
10291,,,,,,
1030,1352,,,,,
10301,,,,,,
10307,,,,,,
10307,,,,,,
1032,9026,,,,,
1033,293,,,,,
10335,,,,,,
10338,,,,,,
10345,521,,,,,
1035,,,,,,
10351,10351,,,,,
10351|643,,,6506,,,
10356,10351,,,,,
10356,,,12491,,,
1036,140,,,,,
10367,2933,,,,,
1037,1136,,,,,
1037,,,1610,,,
10376,414,,,,,
1038,1287,,,,,
104,2558,,,,,
1040,,,,,,
10414,,,,,,
1042,683,,,,,
10422,1646,,,,,
10422,,,,,,
10431,,,,,,
10449,,,,,,
1045,851,,,,,
1046,,,,,,
10478,2241,,403,,,
1048,12174,,,,,
1049,974,,,,,
10493,,,,,,
105,1657,,,,,
10502,,,,,,
10504,,,,,,
10509|5609,,,,,,
1051,,,,,,
10519,1196,,,,,
1052,492,,1559,,,
10530,2173,,,,,
10530,,,,,,
10544,1194,,,,,
1055,1297,,,,,
10572,,,774,,,
1058,1740,,,,,
1059,141,,,,,
106,180,,,,,
10607,,,,,,
1062,,,,,,
10631,,,,,,
1063|522,,,,,,
10637,,,,,,
10639,,,,,,
1064,335,,,,,
10643,,,,,,
10646,,,,,,
10646|10647,,,,,,
10646|3146,,,,,,
1065,860,,,,,
1066,2287,,,,,
10679|3443,,,,,,
1068,16302,,,,,
1068,,,,,,
1068,1152,,,,,
10682,,,,,,
10698,862,,,,,
1070,4359,,,,,
10710,11370,,,,,
10710,,,,,,
1073,1073,,,,,
10738,,,,,,
1074,274,,,,,
10745,274,,,,,
10763,10760,,,,,
10767,654,,,,,
10767,,,654,,,
10777,,,,,,
1078,,,2287,,,
10786,44,,,,,
10791,,,,,,
108,,,774,,,
10803|2176|2185|2656,,,,,,
10825,,,,,,
1085,507,,,,,
1085,,,,,,
1085,6237,,,,,
1085,4852,,,,,
1085,1194,,,,,
1085,1085,,,,,
1085,517,,,,,
1085,497,,,,,
1085,2454,,,,,
1085,7199,,,,,
1085,274,,,,,
1085,247,,,,,
1085,122,,,,,
10852,,,,,,
1086,,,,,,
1087,,,,,,
1087,5428,,,,,
10872,1616,,,,,
1088,,,,,,
1089,,,,,,
10906,10906,,,,,
10906,1039,,,,,
10906,25,,1713,,,
10906,11375,,,,,
10906,3235,,,,,
10906,1683,,,,,
10906,,,,,,
10906,10906,,,2173,,
10906|2211,15928,,,,,
10906|945,,,,,,
1091,,,297,,,
1092,154,,,,,
1092,,,,,,
1092,1183,,,,,
1092,316,,,39,,
1093,,,1696,,,
1093,1493,,,,,
1093,812,,,,,
1093,616,,,,,
10943|1075,,,,,,
1095,15978,,,,,
1095,135,,,,,
1095,297,,,,,
1095,6429,,,,,
1095,15435,,,,,
1095,895,,,,,
1096,141,,,,,
10967,12552,,,,,
10967,,,,,,
10967,387,,,,,
10967,2287,,,,,
10967,2176,,,,,
1097,802,,,141,,
10971,,,,,,
10973,,,,,,
11,,,,,,
110,1757,,,,,
110,,,,,,
1100,8006,,,,,
1101,1101,,,,,
1102,15718,,,,,
11024|11025|11026|11027,,,,,,
11034,,,,,,
1104,226,,,,,
1105,,,,,,
11050,,,,,,
11055,,,,,,
11058,,,9332,,,
1106,1101,,,,,
11061,,,,,,
11070,,,,,,
11072,,,,,,
11077,,,,,,
11086,1194,,,,,
1110,765,,,,,
11102,11118,,,,,
1115,827,,,,,
11157,,,,,,
1117,56,,,,,
11171,,,,,,
1118,4112,,,,,
1119,1546,,,,,
1119,14543,,,,,
1119,85,,,,,
1119,134,,,,,
1119,141,,,,,
1119,196,,3638,,,
1119,456,,,,,
1119,2287,,5955,,,
1119,1119,,,,,
1119,,,,,,
1119,1385,,,,,
112,1413,,,,,
1121,,,,,,
11213,,,,,,
1123,1314,,,,,
11232,,,,,,
11232|2176|2189|2609,,,,,,
11235|686,,,,,,
1124,1663,,,,,
1124,,,,,,
1124,15285,,,,,
1124,1128,,,,,
1124,2177,,,,,
11242,10906,,,,,
11247|1084,,,,,,
11261,10906,,,,,
1127,196,,,,,
1127,318,,,,,
1127,,,,,,
11271|12365|979,,,2452,,,
11271|12458,,,,,,
11276,11277,,,,,
1128,359,,,,,
1128,356,,,,,
1128,15495,,,,,
1128,804,,,,,
1128,1128,,,,,
1128,1146,,,,,
1129,784,,,,,
11291,,,,,,
11294,3891,,,,,
11294,2722,,,,,
11298,,,,,,
1130,224,,,,,
11308,,,,,,
1132,1132,,,,,
11327,8583,,1400,,,
1133,4531,,,,,
1133,14331,,,,,
11332,,,,,,
11334,1150,,,,,
11334,11118,,378,,,
1134,1134,,,,,
1134,15449,,,,,
1134,8728,,,,,
11344,,,2189,,,
1135,212,5523,,,,
1136,1011,,,,,
1136,5851,,,,,
11377,10906,,,,,
11379,,,10906,,,
11379,,,,,,
11381,,,1404,,,
1139,1139,,4965,,,
1139,1222,,3541,,,
11398,,,,,,
1140,,,,,,
11404,,,,,,
11404,732,,,,,
1141,,,,,,
11417,1476,,,,,
1142,,,,,,
1143,,,,,,
1144,,,,,,
11440,,,3891,,,
1145,,,,,,
11453,,,,,,
1146,1593,,,,,
11479,196,,,,,
1148,460,,,,,
11481|12091|264,,,,,,
11481|3716|11482,,,,,,
1149,,,213,,,
1150,1757,,,,,
1150,12278,,,,,
1150,176,,,,,
1150,551,,,,,
1150,12169,,,,,
1150,688,,,,,
1150,990,,,,,
1150,14279,,,,,
1150,2176,,,,,
1150,,,,,,
1150,,,,,,
1150,1150,,,,,
1150,8912,,,,,
1150|11665,,,,,,
1151,200,,,1079,,
1151,4392,,,,,
1151,1151,,,,,
1151,798,,,,,
1152,833,,,,,
1152,,,,,,
1152,254,2589,,,,
1152,829,,,,,
1153,1226,,,,,
1154,1151,,,,,
1154,831,,,,,
1156,,,,,,
11563,,,,,,
11567,,,,,,
1157,814,,,,,
1157,229,,,,,
1157,,,1536,,,
11574,,,,,,
11577|850,,,,,,
11583,816,,,,,
1159,361,,,,,
1159,,,1457,,,
116,20,,,,,
116,,,,,,
116,1761,,,,,
116,11563,,,,,
116,14909,,,,,
116,895,,,,,
116,2287,,133,,,
116,341,,,,,
116,196,,,,,
1160,2779,,,,,
11613,,,,,,
11617,,,,,,
11619,,,,,,
1162,,,15278,,,
11621,,,,,,
11625,11626,,,,,
11661,,,,,,
11672,10906,,,,,
11679,1192,,,,,
1169,,,,,,
1170,1433,,,,,
1170,1184,,,,,
1170,,,,,,
11709,1368,16675,,,,
1171,13765,,,,,
1171,485,,,,,
1171,13760,,,,,
11715,11717,,,,,
1172,10760,,,,,
11727,,,,,,
11730,792,,,,,
11735,111,,,,,
11737,1124,,,,,
11740,592,,961,1490,,
11748,,,,,,
1175,,,,,,
11750,,,,,,
11773,196,,,,,
11779,116,,,,,
11787,1319,,,,,
1179,1095,,,,,
118,,,,,,
118,,5756,,,,
118,793,2007,,,,
11802,,,,,,
11804,,,,,,
11812,451,,,,,
11815,971,,,,,
1182,,,173,,,
11822,11823,,,,,
11823,11823,,,,,
11828,,,,,,
1183,1128,,,,,
1183,10422,,,,,
1183,325,,,,,
1183,,,,,,
1183,1757,,,,,
11830,,,,,,
11833,,,,,,
11839,1457,,,,,
1184,14128,,,,,
1184,196,,133,,,
1184,679,,,,,
1184|11630,11631,,,,,
11845,1239,,267,,,
11854,522,,,,,
11862,,,,,,
1187,425,,,,,
11871,2458,,,,,
1188,484,,,,,
1189,7197,,,,,
1189,1194,,,,,
11892,,,,,,
1190,1369,,,,,
1190,1194,,,,,
1190,349,,,,,
1190,,,,,,
1190,274,,,,,
1190,5078,,,,,
1190,487,,,,,
1190,2454,,,,,
11903,,,,,,
1191,1194,,,,,
1191,56,,,,,
1191,,,,,,
1191,1741,,,,,
11912,389,,,,,
1192,485,,,,,
1192,14536,,,,,
1192,1278,,,,,
1192,,,1554,,,
1192,,,,,,
11920,11921,,,,,
1192|485,,,195,,,
1193,,,,,,
11935,,,2179,,,
11935,11936,,,,,
11936,,,,,,
1194,497,,,,,
1194,998,,,,,
1194,999,,,,,
1194,2722,,,,,
1194,7172,,,,,
1194,1085,,,,,
1194,1194,,,,,
1194,7734,,,,,
1194,2233,,,,,
1194,1442,,,,,
1194,1452,,,,,
1194,1476,,,,,
1194,1562,,,,,
1194,1683,,,,,
1194,,,,,,
1194,7856,,,,,
1194,7191,,,,,
1194,7731,,,,,
1194,581,,,,,
1194,535,,,,,
1194,532,,,,,
1194,7860,,,,,
1194,9544,,,,,
1194,7870,,,,,
1194,4336,,,,,
1194,478,,,,,
1194,2454,,,,,
1194,7202,,,,,
1194,423,,,,,
1194,7799,,,,,
1194,10085,,,,,
1194,317,,,,,
1194,310,,,,,
1194,307,,,,,
1194,295,,,,,
1194,274,,,,,
1194,7615,,,,,
1194,247,,,,,
1194,243,,,,,
1194,233,,,,,
11940,,,,,,
11946,,,,,,
11949|2243,,,,,,
1195,241,,,,,
1195,,,,,,
1195,579,,,,,
1195,489,,,,,
11951,,,,,,
1196,1165,,8974,,,
1196,2212,,,,,
1196,510,,,,,
1196,6891,,,,,
1196,7895,,,,,
1196,2452,,,,,
1196,,14074,,,,
1196,,,,,,
1196,10916,,,,,
1196,1757,,,,,
1196,1553,,,,,
1196,12631,,,,,
1196,8006,,,,,
1196,16041,,,,,
1196,1085,,,,,
1196|3240,10822,,,,,
1196|7007,,,,,,
1197,,8961,,,,
11971,11972,,,,,
11976,4437,,,,,
11978,968,,,,,
1198,,,,,,
11980,11981,,,,,
1199,1655,,,,,
11991,,,,,,
11994,,,,,,
11998,,,,,,
12,3197,,,,,
120,774,,,,,
1200,135,,,,,
12003,,,,,,
12009,,,,,,
12013,,,,,,
12017,,,,,,
12019,,,,,,
1202,3199,,,,,
12038,11971,,,,,
12077|716,12078,,,,,
12080,,,,,,
12083,,,,,,
12087,,,,,,
121,1156,,,,,
1211,1310,,,,,
12111,,,,,,
12115|902,,,,,,
1212,,,,,,
1212,196,,,,,
12120,12121,,,,,
1212|1740,7654,,,,,
1213,6457,,,,,
1214,,,,,,
12159|12160,,,,,,
1216,,,10404,,,
12166,449,,,,,
12166,15325,,,,,
12166,15489,,,,,
12166,2287,,,,,
12166,1708,,,,,
12166,12166,,,,,
1217,,,,,,
12171,12172,,,,,
12174,,,,,,
12179,179,,,,,
1218,1757,,,,,
12183,12184,,,,,
12186,12187,,,,,
12187,1241,14164,,,,
1219,,,,,,
12195,169,,,,,
12197,135,,,,,
12199,12200,,,,,
122,,,,,,
122,12195,,,,,
122,164,,,,,
12200,12281,,,,,
12200,12285,,,,,
12202,1124,,,,,
12204,135,,,,,
12208,12204,,,,,
1221,1190,,,,,
1221,212,,,,,
12210,141,,,,,
12214,12217,,,,,
12218,14189,,,,,
12218,1150,,,,,
1222,1702,,1771,,,
1222,1222,,,,,
12221,2287,,,,,
12228,1545,12229,,,,
1223,4213,,,,,
1223,,,,,,
12234,3891,,,,,
12238,12239,,,,,
1224,510,,,,,
12247,176,,,,,
12249,12250,,,,,
12252,137,,,,,
12254,3891,,,,,
12254,2374,,,,,
12257,838,,,,,
12259,12260,,,,,
12264,12265,,,,,
12268,3891,,,,,
12270,3891,,,,,
12276,196,,,,,
1228,1384,,,,,
12287,12288,,,,,
12290,12291,,,,,
12293,,,,,,
12303,,,,,,
12305,,,,,,
12306,,,,,,
1231,,,,,,
1231,12245,,,,,
1231,1231,,,,,
1231,14380,,,,,
12313|12373,,,1629,,,
12315,,,,,,
1232,213,,,,,
1233,4093,,,,,
12330,12331,,,,,
12333,12334,,,,,
12334,,,,,,
12339|816,,,,,,
1234,,,,,,
12341,12342,,,,,
12344,12345,,,,,
12349,12351,,,,,
12349|13016,,,,,,
12356,,,,,,
1236,1113,,,,,
1236,182,,,,,
12360,,,,,,
12362|8912,,,,,,
12365|15292,,,,,,
12365|16519|16520|16521,,,399,,,
12370,2229,,,,,
1239,1576,5756,,,,
1239,,,,,,
12394,141,,335,,,
12397,56,,335,,,
124,15944,,,,,
124,14038,,,,,
124,12518,,9144,,,
124,141,,,,,
12403,689,,,,,
1241,679,,,,,
1241,,,,,,
12410,12411,,,12412,,
12411,,,2179,,,
12412,,,,,,
12415|12416,,,3891,,,
12418,141,,2452,,,
12421,2251,,,,,
12426,196,,,,,
12426,,,,,,
12426,,,997,,,
12426,449,,,,,
12428,816,,12429,816,,
12429,566,,12428,,,
1243,393,,630,,,
12456|2241,12411,,,,,
12467,997,,,,,
1248,857,,,,,
1248,784,,,,,
1248,1739,,,,,
1248,141,,,,,
1248,20,,5846,,,
1248,20,,291,,,
1248,196,,,,,
1248,1248,,,456,,
1248,,,,,,
12482,,,335,,,
12504,15042,,,,,
12508,570,,,,,
12516|2272,,,,,,
12518,,,,,,
12522|12524,,,12525,,,
12525|11034,,,12522,,,
12525|3670,12525,,,,,
1253,1253,,,,,
12548,,,15862,,,
12552,,,,,,
12559,,,1769,,,
1256,,,,,,
12581,,,2188,,,
12590|12591,12586,,,,,
1260,485,,,,,
12602|12603|9144,,,846,,,
12629,,,,,,
1263|2688,,,,,,
12640,,,,,,
12652|5978,,,,,,
12658|11034,,,10679,,,
1267,390,,,,,
1267,,,,,,
1267,2253,,,,,
1267,2196,,,,,
1267,,,12720,,,
12679,2211,,,,,
127,127,,,,,
1272,,,,,,
1272,,,,,,
12724,,,,,,
1273,401,,,,,
12755|644,,,,,,
12758,,11902,,,,
1277,,,,,,
1277,,,,,,
1278,1192,,1082,,,
1279,807,,,,,
12796,,,2178,,,
12798,6610,,,,,
12798,,,456,,,
128,1373,,,,,
128,128,,,,,
1280,5856,,,,,
1280,1310,,,,,
1280,15807,,,,,
1280,1374,,,,,
12801,,,887,,,
12806,,,101,,,
12809,,,,,,
1281,,,,,,
12811,,,,,,
1282,,,,,,
1283,,,,,,
12830,,,3891,,,
12832,,,,,,
12835,1397,,,,,
12837,7937,,,,,
1284,,,,,,
12853|12854,12579,,,,,
12859,459,,,,,
1286,,,,,,
12861,12862,,,,,
12866,,,,,,
12869,12360,,1642,,,
12885|2196,3240,,,,,
129,5415,,,,,
129,1708,,733,,,
129,1757,,3391,,,
129,,,,,,
129,1702,,,,,
129,2466,,,,,
129,1119,,,,,
129,1112,,,,,
129,969,,1774,,,
1290,,,1638,,,
12917,6610,,,,,
12919,,,6610,,,
12919,,,,,,
12929,,,,,,
1294,,,,,,
12950,,,,,,
12962,,,,,,
12964,,,,,,
1297,1297,,,,,
1297,100,,,,,
1297,2591,,,,,
1297,5361,,,,,
1297,,,,,,
12978,,,,,,
1298,8793,,,,,
12980,,,,,,
1299,,,,,,
13,1691,,,,,
13,141,,,,,
13,196,,,,,
130,2236,,,,,
1300,2195,,,,,
13002,56,,,,,
1301,,,,,,
13014,858,,,,,
1302,234,,,,,
13029,,,,,,
13031|2204,,,,,,
13034,,,,,,
13035,,,,,,
1304,,,,,,
1305,141,,,,,
13063,,,,,,
1307,2814,,3391,,,
1307,4318,,,,,
1307,1307,,,,,
1307,1049,,,,,
13072,,,,,,
1308,113,,,,,
1308,,,,,,
1308,1757,,,,,
1308,196,,,,,
13094|449,,,,,,
13098|2215,,,,,,
131,1236,,,,,
1310,2914,,,,,
1310,1247,,,,,
1310,1183,,3383,,,
1310,1150,,,,,
1310,1101,,,,,
1310,98,,,,,
13101,,,7091,,,
13106,13106,,,,,
13108,,,,,,
1312,129,,,,,
1313,,,,,,
13135,,,,,,
1316,116,,,,,
13165,382,,,,,
1317,5767,,,,,
1318,1319,,,,,
1318,470,,,,,
13183,13184,,,,,
1319,,2007,,,,
1319,254,,,,,
1319,,,,,,
13193,,,,,,
132,20,,196,,,
132,141,,,,,
1320,430,2617,,,,
13206,,,,,,
1321,864,,,,,
13211,,,,,,
13218,368,,,,,
13221,1592,,,,,
13227,416,,,,,
1323,1710,,,,,
13230,7881,,,,,
13238,,,,,,
1325,3897,,,,,
13260,13261,,,,,
13263,,,,,,
13272,13273,,,,,
13275,7267,,,,,
13277,10572,,,,,
13281,13279,,,,,
13287,,,,,,
13289,,,,,,
1329,1329,,,,,
13292,,,,,,
133,,,,,,
133,135,,,,,
133,20,,1184,,,
133,196,,32,,,
133,,,6019,,,
1332,,,,,,
13326,12315,,,,,
1333,543,,,,,
1333,,,,,,
1334,13232,,,,,
13345,520,,,,,
13348,,,,,,
13350,,,,,,
1338,7195,,,,,
1338,5078,,,,,
13386,,,,,,
1339,1310,,,,,
134,,,,,,
134,1128,,,,,
134,774,,,,,
134,757,,,,,
134,2287,,,,,
134,141,,,,,
134,134,,,,,
13404,524,,,,,
1342,774,,,,,
13427,,,,,,
13434|2658,,,,,,
13438,,,,,,
13442,,,,,,
13445,,,,,,
1346,274,,,,,
1347,,,5390,,,
1347,1371,,,,,
1347,1655,,,,,
13472,,,,,,
1348,,,,,,
13480,,,,,,
13485|684,,,,,,
1349,,,,,,
135,2287,,,,,
135,115,,,,,
135,135,,,,,
135,141,,,,,
135,226,,,,,
135,243,,,,,
135,247,,,,,
135,279,,,,,
135,2173,,,,,
135,9848,,,,,
135,1222,,,,,
135,1232,,,,,
135,8335,,,,,
135,1319,,,,,
135,2252,,,,,
135,10906,,,,,
135,1427,8513,,,,
135,1546,,,,,
135,4729,,,,,
135,,,,,,
1350,4715,,,,,
13502,,,,,,
13509,1508,,,,,
1351,297,,,,,
1353,,,,,,
1354,860,,,,,
13542,,,,,,
13570,,,,,,
13570|11255,,,,,,
13572|13573,,,,,,
13577|13578,,,,,,
13583,,,,,,
136,4290,,,,,
136,136,,,,,
136,4320,,,,,
1360,,,,,,
13600,,,,,,
13609|13612|4775,,,,,,
1361,819,,,,,
13611|13609|13612,,,,,,
13612,,,,,,
13621|13622,,,,,,
1363,,,656,,,
1365,776,,,,,
1365,,,15974,,,
1366,141,,,,,
1366,6237,6178,,,,
1366,1115,,,,,
13666,13667,,,,,
13666,,,,,,
13677,,,,,,
1368,,,,,,
13685,2181,,,,,
13688,11884,,,,,
137,1124,,,,,
1370,1370,,,,,
13713,,,,,,
1372,16226,,,,,
1373,196,,,,,
1373,30,,,,,
1373,,,,,,
1373,4905,,,,,
1373,1069,,,,,
1373,683,,,,,
1373,473,,,,,
13746|168,390,,,,,
13749,1576,,,,,
1375,274,,,,,
13762,13763,,,,,
13763,274,,,,,
13767,1171,,,,,
1377,1377,,,,,
1377,1196,,,,,
1377,1133,,,,,
1379,1388,,,,,
13798|2719,,,,,,
138,,,,,,
138,138,,,,,
13801|683,,,,,,
13803|2997,,,,,,
13813,141,,,,,
1382,11776,,,,,
1382,1164,,,,,
13825,,,,,,
1383,813,,,,,
1383,135,,,,,
13835|1757,,,,,,
13842,1403,,,,,
1385,1708,,,,,
1385,141,,,,,
1385,5801,,,,,
13853,449,,,,,
13868,,,,,,
1387,2782,,,,,
13872,,,,,,
1388,847,,,,,
13883,14998,,,,,
13883,1126,,,,,
13892|13893,,,,,,
139,2287,,,,,
13916,,,356,,,
1392,835,,,,,
1393,2530,,,,,
1394,,,,,,
13941,119,,,,,
13959|2997,,,,,,
1396,805,,,,,
13967,,,,,,
1397,,,,,,
13983|13984,,,8137,,,
13996,,,,,,
14,,,,,,
140,1117,,,,,
140,,,,,,
1400,1616,,,,,
1400,1146,,11327,,,
14008,,,,,,
14008,140,,,,,
1401,,,,,,
14010,1120,,,,,
14010,14011,,,,,
1402,487,,,,,
14020,1740,,,,,
14020,1162,,,,,
14020,12184,,1577,,,
14020,2205,,15013,,,
14020,390,,,,,
14023,,,,,,
14026,56,,,,,
1403,,,,,,
1403,1464,,16397,,,
1403,1476,,,,,
1403,11313,,,,,
1403,2287,,,,,
1403,1089,,,,,
1403,1403,,,,,
1403,,,195,,,
1403,,,,,,
14031,874,,,,,
14036,1130,,,,,
14038,166,,,,,
1404,1192,,11381,,,
1404,,,2722,,,
1404,941,,1752,,,
1404,274,,,,,
1404,,,,,,
1404,1440,,5078,,,
14040,709,,,,,
14044,,,14045,,,
14048,,,1456,,,
14059,14060,,,,,
1406,,,,,,
14067,,,,,,
1408,568,,,,,
14086,14087,,,,,
14087,,,14089,,,
14096,14097,,,,,
14099,212,,,,,
141,393,,,,,
141,12176,,,,,
141,,,,,,
141,968,,,,,
141,14442,,,,,
141,141,,197,,,
141,141,,1770,,,
141,1605,,,,,
141,689,,,,,
141,1534,,,,,
141,578,7992,7990,,,
141,1491,,,,,
141,1606,,,,,
141,1433,,,,,
141,,4794,,,,
141,1385,,,,,
141,1256,,,2287,,
141,141,,,,,
141,1134,,,,,
141,141,,,1385,,
141,196,,3582,,,
141,234,,,,,
141,563,,,,,
141,316,,,,,
141,4551,,,,,
141,9647,,,,,
14109,449,,,,,
14109,,,,,,
14109,2177,,,,,
14109|15095|15022,15123,,,,,
1411,1105,,,,,
1411,788,,,,,
1411,,,,,,
1411,12236,,,,,
1411,1364,,,,,
14112,14113,,,,,
14113,12111,,,,,
14117,,,14118,,,
14118,1491,,,,,
14128|14129,,,,,,
1413,1646,,,,,
1413,,,,,,
1413,298,,,,,
14134,140,,,,,
141|578,,,,,,
14170,176,,,,,
14174,14176,14175,,,,
14198,,,,,,
142,,,386,,,
142,1136,,,,,
142,15738,,,,,
142,483,,,,,
142,247,,,,,
142,15743,,,,,
142,196,,,,,
142,141,,,,,
142,140,,,,,
142,15510,,,,,
142,3891,,,,,
14202,,,,,,
14204,14205,,,,,
1421,,,,,,
14216,14433,,,,,
14216,,,,,,
14218|2179,,,,,,
14221,,,,,,
14230,2287,,,,,
14234,647,,,,,
14234,141,,,,,
1424,1424,,,,,
14251,1645,,,,,
14253|1638,,,,,,
1426,792,,2211,,,
14261|14262,,,,,,
14267,1128,,,,,
14267,14268,,,,,
1427,,,,,,
14276,14276,,,,,
1428,,,,,,
14283,,,,,,
14285,,,,,,
1429,,,56,,,
1429,1151,,,,,
1429,,,,,,
14296,1645,,,,,
14298,,,,,,
1430,,7297,,,,
1431,391,,,,,
1432,272,,,,,
14324|3592,,,,,,
1433,421,,3081,,,
1433,998,,,,,
1433,,,,,,
14331,14331,,,,,
1433|666,5078,,,,,
14338|14339,,,,,,
1435,2873,,1715,,,
1436,5605,,,,,
14363,1136,,,,,
14369,14370,,,,,
1437,274,,,,,
14377,462,,,,,
14383,684,,,,,
1439,1170,,,,,
1439,280,,,,,
1439,,,,,,
1439,1616,,,,,
14390,797,,,,,
143|967|9355,,,,,,
14400,1587,,,,,
14403,196,14404,,,,
1441,1777,,,,,
14414,14415,,,,,
14415,14972,,,,,
14415|1120,14972,,,,,
14418,12166,,,,,
1442,1085,,,,,
1442,274,,,,,
1442,497,,,,,
1442,1194,,1721,,,
1442,2233,,,,,
1442,1194,,,,,
1442,1087,,,,,
1442,,,,,,
1442,7805,,,,,
14421,14422,,,,,
14421,141,,,1134,,
14428,909,,,,,
14439,,,,,,
14442|15761,15762,,,,,
14445,572,,,,,
14448,797,,,,,
14454,14455,,,,,
14462,2287,,,,,
14465,6688,,,,,
14470,141,,,,,
14474,14475,,,,,
14474,15267,,,,,
1448,10906,,,,,
14485,1128,,,,,
1449,784,,176,,,
14507,5364,,,,,
14510,1124,,,,,
14519,,,,,,
14522,14523,,,,,
14526,,,,,,
1453,,,,,,
1453,280,,,,,
14531|14532|14533,14531,,,,,
14531|2626|14986,,,14987,,,
14536,141,,,,,
14539,141,,,,,
1454|2688,,,,,,
14549,,,,,,
1455,1413,,360,,,
1457,11839,,,,,
1457,,,12747,,,
1457,774,,,,,
1459,523,,,,,
1462,,,,,,
1466,,,,,,
1469,2481,,,,,
1469,,,,,,
1471,755,,,,,
1471,390,,,,,
1471,1471,,,,,
1471,,,,,,
1472,246,,,,,
1474,307,,,,,
1476,998,,,,,
1476,8167,,,,,
1476,1195,,,,,
1476,6930,,,,,
1476,274,,912,,,
1476,274,,,,,
1476,10332,,,,,
1476,7881,,,,,
1476,,,,,,
1476,,,280,,,
1480,317,,,,,
1482,1106,,,,,
1484,,,,,,
1485,,,,,,
1487,1150,,,,,
1489,1739,,,,,
1489,1251,,,,,
149,2212,,,,,
1491,2287,,,,,
1491,1652,,,,,
14917,,,,,,
14920,,,,,,
14925,14415,,,,,
14927|392|14928,,,,,,
1493,1545,,,,,
1493,12243,,,,,
14930|14931,,,,,,
14933,1740,,,,,
14936,14936,,,,,
14938,14939,,,,,
14944,141,,,,,
14946,1414,,,,,
14948,998,,,,,
1495,973,,,,,
14951,14952,,,,,
14957,14008,,15184,,,
14957,1128,,,,,
14957,2257,,,,,
14957,1248,,,14958,,
14960,,,,,,
14963,15060,,,,,
14963,,,,,,
14963,1119,,,,,
14965,14966,,,,,
14968,1132,,,,,
1497,,,,,,
14970,14415,,,,,
14976,,,,,,
14980,,,,,,
14982,,,,,,
14987|14989,,,14531,,,
14992,1232,,,,,
14994,1232,,,,,
1500,,,,,,
15005,23,,,,,
15009,10872,,,,,
15011,7586,,,,,
15013,,,14020,,,
15013,56,,,,,
15013,1150,,,,,
15015,624,,,,,
15017,196,,,,,
15019|3592,,,,,,
1502,1406,,,,,
15022,1092,,,,,
15022,1124,,,,,
15022,797,,,,,
15027,5415,,,,,
15029,15030,,,,,
1503,485,,,,,
15032,607,,,,,
15034,15035,,,,,
15037,1757,,,,,
15037,141,,,,,
1504,1078,,,,,
15042,15042,,,,,
15046,15129,,,,,
15046,696,,,,,
15051,630,,,,,
15051,141,,,,,
15060,,,,,,
15062|15063,,,,,,
15063,15449,,,,,
15066,141,,,,,
15068,15069,,,,,
1507,,,,,,
15073,15074,,,,,
15074,,,213,,,
15076,15077,,,,,
1508,2233,,,,,
1508,,,,,,
1508,1508,,,,,
1508,1476,,,,,
1508,497,,,,,
1508,7879,,,,,
15080,1549,,,,,
15080,15081,,,,,
15084,11563,,,,,
15087,,,,,,
15093|14109,,,,,,
15095,14109,,,,,
15097,810,,,,,
151,944,,,,,
151,,,820,,,
15102,124,,,,,
15114,1119,,,,,
1512,,,,,,
15121,800,,,,,
15125,,,,,,
15132,,,,,,
15140,808,,,,,
15146,,,15147,,,
15147,,,15146,,,
15147,10872,,5415,,,
1515,,,,,,
15151,1768,,,,,
15154,14331,,,,,
15156,1064,,,,,
15159,175,,,,,
1516,,,,,,
15165,2287,,,,,
1517,,,,,,
15171,15172,,,,,
15174,141,,,,,
15177,15178,,,,,
15178,15180,,,,,
15186,,,,,,
15190,135,,,,,
15194,449,,,,,
15198,2287,,,,,
152,1528,,,,,
1520,,,,,,
15201,12166,,,,,
15204,15205,,,,,
1521,196,,,,,
15212,297,,,,,
15218,6688,,,,,
1522,15810,,,,,
1522,1646,,,,,
15220,2175,,,,,
15220,15484,,,,,
15225,,5756,,,,
1523,1540,,,,,
1523,985,,,,,
15236,,,,,,
15239,6688,,,,,
1524,,,,,,
15241,2287,,,,,
15243,435,,,,,
15243,1222,,15328,,,
1525,,,,,,
15255,2779,,,,,
15259,1540,,,,,
15262,1693,,,,,
15269,462,,,,,
1527,,,,,,
1527,,,3891,,,
15271,462,,,,,
15278,15298,,,,,
15278,1297,,,,,
1528,1654,,,,,
1528,1161,,,,,
1528,1289,,,,,
15281|15282,,,,,,
1529,792,,,,,
1529,,,,,,
1529,1529,,,,,
1529,5767,,,,,
1529,12166,,,,,
1529,568,,,,,
1529,2287,,5444,,,
15295,141,,,,,
15295,56,,,,,
15295,2175,,,,,
153,632,,,,,
15305,841,,,,,
15310,1124,,,,,
15312,449,,,,,
15319,,,,,,
15325,12166,,,,,
15328,1385,,12166,,,
15330,,,15331,,,
15333,775,,,,,
15336,1010,,,,,
1534,4276,,,,,
15341,15339,,,,,
1535,1308,,,,,
15350,,,,,,
15354,15355,,,,,
1536,,2578,,,,
15360,,,,,,
15362,171,,,,,
15366,56,,,,,
15369,,,,,,
15372|2176,,,,,,
15377,390,,,,,
1538,1567,,3380,,,
15383,794,,,,,
15385,794,,,,,
15391,,,,,,
15394,,16686,,,,
154,148,,,,,
1541,4028,,,,,
15422|456,,,,,,
1543,1757,,,,,
15437,14415,,,,,
15439,15440,,,,,
1544,,,196,,,
1544,,,,,,
15443,1297,,,,,
15449,1134,,,,,
15453,2454,,,,,
15455,15435,,,,,
15458,1128,,,,,
1546,12223,,,,,
15464,,,,,,
15466,,,15467,,,
15487,459,,,,,
1549,,,,,,
1549,800,,569,,,
1549,182,,,,,
15491,12166,,,,,
15493,497,,,,,
15498,15499,,,,,
15498,15889,,,,,
15498,696,,,,,
155,4717,,,,,
1550,,,,,,
15513,141,,,,,
15516,829,,,,,
15527,15528,,,,,
1553,,,,,,
1554,,,,,,
1554,,,1192,,,
1555,,,,,,
1556,,,,,,
15567,,,,,,
1558,,,,,,
1558,243,,,,,
1558,247,,,,,
1558,310,,,,,
1558,2454,,,,,
1558,7773,,,,,
15605,971,,,,,
15607,774,,,,,
1561,3891,,,,,
15614,1457,,,,,
15616,1136,,,,,
1562,,,,,,
15621,15622,,,,,
15633,15634,,,,,
15636,15637,,,,,
15641,1150,5347,,,,
15644,,,,,,
15651,661,,,,,
15653,774,,,,,
1566,1566,,,,,
15660,,,,,,
15662,,,94,,,
15664,15665,,,,,
15669,1374,,,,,
15678,15679,,,,,
15681,456,,,,,
15683,880,,,,,
1569,196,,,,,
15693,15694,,,,,
15696,15697,,,,,
15700,15701,,,,,
15701,1762,,,,,
15703,141,,,,,
15706,452,,,,,
15716,,,766,,,
1572,,,,,,
15722,12285,,,,,
1574,,,,,,
15741,1150,,,,,
15754,15755,,,,,
15759,1176,,,,,
1576,1576,,,,,
1576,5805,,,,,
1576,,,,,,
1576,135,,,,,
15768,15769,,,,,
1577,1183,,,,,
1577,4462,,4463,,,
1578,,,,,,
15785,469,,1373,,,
1579,,,,,,
15791,15792,,,,,
15795,774,,,,,
15797,827,,,,,
15799,15800,,,,,
15811,15812,,,,,
15814,15815,,,,,
1582,,,,,,
15825,15826,,,,,
1583,,,2287,,,
15836,1762,,,,,
15846,679,,,,,
15848,679,,,,,
1585,,,,,,
15853,225,,456,,,
1586|9966,,,,,,
1587,816,,,,,
15870,15862,,,,,
15883,15884,,,,,
159,,,,,,
15915,15916,,,,,
15919,605,,,,,
1592,683,,,,,
1593,274,,,,,
15931,,,,,,
15939,373,,,,,
1594,938,,,,,
1594,2233,,,,,
1594,10710,,,,,
1594,1194,,,,,
1594,1427,,,,,
1594,1435,,,,,
1594,1508,,,,,
1594,1594,3166,,,,
1594,274,,,,,
1594,281,,,,,
1594,310,,,,,
1594,,,,,,
15942,,,,,,
15950,223,,,,,
15962,15963,,,,,
15970,67,,,,,
15983,359,,,,,
1599,10325,10321,,,,
1599,,,,,,
1599,1192,,,,,
15991,,,,,,
16,,,,,,
160,784,,,,,
160,469,,,,,
160,463,,,,,
160,679,,,,,
1600|2173,1214,,,,,
1601,,,,,,
16011,,,,,,
1603,,,,,,
16030,,,849,,,
16038,16039,,,,,
1604,,,,,,
16044,2677,,,,,
16046,16047,,,,,
1605,1605,,,,,
16050,16047,,,,,
16054,16055,,,,,
16057,16057,,,,,
16057,16059,,,,,
1606,,,,,,
16061,16057,,,,,
1607,,,791,,,
16075,449,16074,,,,
16079,840,,,,,
1608,8278,,,,,
16081,847,,,,,
16085,1616,,,,,
1609,469,,,,,
16091,1476,,,,,
16106,,,,,,
16108,6622,,,,,
1611,1150,3356,,,,
16136|2176|2189|10154|2609,,,,,,
16147,,,,,,
16149,,,,,,
1616,,,,,,
1616,122,,,,,
1616,274,,,,,
1616,280,,,,,
1616,310,,,,,
1616,525,,,,,
1616,2233,,,,,
1616,1194,,,,,
1616,2252,,,,,
1616,1616,,,,,
1616,,,,,,
16160,2176,,,,,
1616|16451,,,16452,,,
16176,,,,,,
16179,1373,,,,,
1618,1622,,,,,
16185,16186,,,,,
1620,,,,,,
16214|56,,,,,,
1622,,,303,,,
1623,4640,,,,,
16231,12287,5725,,,,
16235,16236,,,,,
1624,,1789,,,,
16242,,,,,,
16252,997,,,,,
16256,997,,,,,
16261,26,,,,,
16278,16279,,,,,
1629,1616,,,,,
1629,,,,,,
1629,1629,,,,,
1630,1522,,,,,
16302,118,,,,,
1631,961,,,,,
16313,,,,,,
16315,,,,,,
1632,784,,,,,
16321,9528,,,,,
16330,,,,,,
16344,1192,,,,,
1635,145,,,,,
1635,140,,,,,
1635,,,,,,
16351,5078,,,,,
16353,,,,,,
16364,,,,,,
16369,,,,,,
1638,1132,,,,,
1638,2779,,356,,,
1638,456,,,,,
1638,,,,,,
16390,1192,,,,,
16392,,,,,,
16397,263,,1403,,,
1640,,,,,,
1640,568,7297,,,,
1640,1640,,,,,
1640,1650,,,,,
1640,6867,,,,,
1640,390,,,,,
1640,797,,,,,
1641,,,,,,
1641,1641,,,2173,,
16415,1757,,,,,
16417,16419,,,,,
16417,683,,,,,
16417|16426,,,,,,
1642,1122,,,,,
1642,,,,,,
1642,4437,,,,,
1642,1576,,,,,
1642,7929,,12869,,,
1642,6236,6178,,,,
1642,6610,,,,,
1642,797,,3380,,,
1642,12241,,,,,
16422,,,,,,
1643,,,,,,
16438,,,,,,
1644,814,,,,,
1644,1395,,,,,
16440,16441,,,,,
16447,,,,,,
16449,,,,,,
1645,1645,,,,,
1645,,,,,,
1646,14016,,,,,
1646,14015,,,,,
1646,1522,,,,,
16464,,,,,,
16468,,,,,,
1647,390,,,,,
1647,,,,,,
1649,182,,,,,
1649,88,,,,,
165,1308,,,,,
16504,,,,,,
1651,1645,,,,,
16512,,,1476,,,
16519|7976,,,392,,,
1653,792,,,,,
1655,792,,,,,
16559,,,,,,
1657,196,,,,,
16574,2181,,,,,
1658,196,,,,,
16583|16584,,,,,,
16586,16583,,,,,
1658|7963,,,,,,
1659,,,,,,
16592,,,,,,
16595,,,,,,
16599,456,,,,,
16610,825,,,,,
16613,,,,,,
16617,619,,,,,
16619,16620,,,,,
16622,,,,,,
16624,16625,,,,,
16627,16628,,,,,
1663,14366,,,,,
1663,1241,,,,,
16630,,,,,,
16632,,,,,,
16634,,,,,,
1664,1156,,,,,
16657,,,,,,
16667,,,,,,
1667,30,,,,,
16678,,,,,,
16680,,,,,,
16689,,,,,,
1669,,,,,,
16691,,,,,,
16693,,,,,,
16695,,,,,,
16697,,,,,,
16699,,,,,,
1670,8858,,,,,
16701,,,,,,
16703,,,,,,
16705,,,,,,
16707,,,,,,
16709,,,,,,
1671,,2578,,,,
16711,,,,,,
16713,,,,,,
1672,456,,,,,
1675,450,,,,,
1678,9518,,,,,
1678,485,,,,,
1679,2287,,209,,,
1679,141,,,,,
1679,356,,,,,
1679,1150,,,,,
168,168,,,,,
168,,,,,,
1681,,,,,,
1683,1730,,,,,
1686,7881,,,,,
1689,497,,,,,
1689,,,,,,
1689,,,,,,
169,1419,,,,,
1691,,,,,,
1691,2287,,,,,
1691,15274,,,,,
1693,2287,,,,,
1693,1095,,,,,
1693,,,,,,
1694,15071,,,,,
1694,1702,,2173,,,
1694,141,,,,,
1696,907,,,,,
1697,7586,,,,,
1698,,,,,,
17,1246,,,,,
170,989,,,,,
170,824,,,,,
1701,4375,,,,,
1702,20,,,,,
1702,128,,,,,
1703,,,41,,,
1704,,,,,,
1706,1031,,,,,
1707,390,,,,,
1708,12166,,,,,
1708,14200,,,,,
1708,842,,,,,
1708,8824,,,,,
1708,196,,3522,,,
1708,196,,6001,857,,
1708,1374,,3891,,,
1708,15851,,,,,
171,40,,,,,
1712,,,,,,
1713,,,10906,,,
1713,,,274,,,
172,,,,,,
1722,,,,,,
1723,1764,,,,,
1724,5428,,,,,
1726,,,,,,
1727,504,,,,,
1728,,,,,,
1729,,,,,,
1730,1403,,,,,
1731,,,213,,,
1732,,,,,,
1734,,,1403,,,
1738,5991,,,,,
1739,1740,,,,,
1739,,,,,,
1739,20,,,,,
1739,247,,,,,
1739,2719,,,,,
174,1545,,,,,
1740,5428,,,,,
1740,1348,,,,,
1740,2506,,,,,
1740,3015,,,,,
1740,,,,,,
1744,827,,,,,
1745,,,,,,
1748,,,,,,
175,1130,,,,,
175,177,,,,,
175,1708,,,,,
175,2516,,,,,
1751,,,,,,
1752,,,1404,,,
1753,80,,,,,
1754|6640,,,,,,
1756,6610,,,,,
1757,804,,,,,
1757,2176,3356,,,,
1757,1218,,,1757,,
1757,3891,,,,,
1757,1132,,,,,
1757,,,,,,
1757,,,,,,
1757,196,,,,,
1757,732,,,,,
1758,274,,,,,
176,116,,,,,
176,1739,,,,,
176,784,,,,,
1760,2458,,,,,
1761,116,,,,,
1761,196,,,,,
1761,124,,,,,
1762,318,,,,,
1762,135,,,,,
1762,761,,,,,
1762,784,,,,,
1762,810,,,,,
1762,812,,,,,
1762,827,,,,,
1762,1020,,,,,
1762,9164,,,,,
1765,,,,,,
1766,954,,,,,
1767,1119,,,,,
1768,14488,,,,,
1768,1593,,,,,
1768,3191,,,,,
1768,,,,,,
1768,15343,,,,,
1768,56,,,,,
1769,,,618,,,
1769,2208,,12559,,,
1769,,3139,,,,
177,177,4232,,,,
1770,11705,,,,,
1771,784,,,,,
1772,2287,,9447,,,
1774,20,,129,,,
1775,247,,,,,
1778,,,,,,
179,774,,,,,
181,2287,2990,,,,
181,38,,,,,
182,,2825,,,,
182,,,,,,
182,14992,,,,,
187,469,,,,,
187,1239,,,,,
188,8406,,,,,
189,2547,,,,,
19,,,,,,
19,19,,,,,
191,21,,,,,
195,1192,,,,,
195,,,10906,,,
195,,,1403,,,
195,2195,,,,,
195,,,3443,,,
195,11444,,,,,
195,,,16292,,,
195,1412,,,,,
195|16445,,,,,,
196,32,,,,,
196,842,,,,,
196,11475,,1544,,,
196,196,,,,,
196,11276,,,11277,,
196,124,,,,,
196,990,,,,,
196,1491,,,,,
196,864,,,,,
196,857,,3487,,,
196,847,,,,,
196,1132,,,,,
196,1191,,,,,
196,1248,,,,,
196,15429,,,,,
196,5582,,,,,
196,5861,,,,,
196,,,,,,
196,390,,,,,
196,15631,,,,,
196,1757,,132,,,
196,1622,,,,,
196,15427,,,,,
196,135,,3574,,,
196,1655,,,,,
196,12085,,,,,
196,3891,,,,,
196,135,,,,,
196|12423,1242,,,,,
197,10080,,,,,
197,12432,,141,,,
197,1253,,,,,
197,200,,,,,
197,200,,,,,
197,,,,,,
198,1663,,,,,
199,768,,,,,
20,969,,,,,
20,141,,3603,,,
20,128,,,,,
20,1222,,,,,
20,1739,,,,,
20,1702,,,,,
20,1150,,,,,
20,141,,,,,
20,116,,,,,
20,20,,,,,
20,10,,,,,
20,5767,,,,,
20,3318,,,,,
20,196,,3387,,,
20,196,,160,,,
20,2287,,1632,,,
200,200,,,,,
200,4542,,,,,
200,2919,,,,,
200,,,,,,
201,1654,,,,,
202,880,,,,,
203,769,,,,,
205,,,,,,
209,1471,,1679,,,
209,868,,,,,
209,,,,,,
209,1640,,,,,
21,,,,,,
211,335,,,,,
212,196,,,,,
212,214,,,,,
212,2173,,,,,
212,8728,,569,,,
212,850,14081,,,,
212,1122,,,,,
212,1239,,,,,
212,,,,,,
212,129,,3541,390,,
213,,6448,,,,
213,11408,,,,,
213,2287,,,,,
213,11444,,,,,
213,1412,,,,,
213,,,,,,
213|212,,,,,,
214,,,,,,
214,1611,,,,,
215,,,,,,
217,8358,,,,,
217,15823,,,,,
2173,14038,,,,,
2173,,,,,,
2173,4811,,,141,,
2173,1131,,,,,
2173,2176,,,,,
2173,1076,,,736,,
2173,2175,16295,,3713,,
2173,1057,,,,,
2173,2196,,,,,
2173,2173,,,,,
2173,2173,,334,,,
2173,683,,,,,
2173,16605,,,,,
2173,483,,,,,
2173,284,,,,,
2173,212,,,,,
2173|10912|2241,,,,,,
2173|11933,6481,,,,,
2173|1220,,,4986,,,
2173|12405|556,,,2264,,,
2173|13366,,,,,,
2173|14056|3732,,,,,,
2173|15257|10872,,,,,,
2173|15866|15862,1172,,,,,
2173|16367|3235,,,,,,
2173|2175,,16295,,,,
2173|2182|2218,,,2242,,,
2173|2185,,,,,,
2173|2185|3400,,,,,,
2173|2204,,,,,,
2173|2204|1514,,,,,,
2173|2204|15862,,,,,,
2173|2204|2257,,,,,,
2173|2204|2261,,,,,,
2173|2204|56,,,,,,
2173|2207|2221,,,,,,
2173|2207|645,,,,,,
2173|2211|1645,,,,,,
2173|2211|264,,,,,,
2173|2211|5584,,,,,,
2173|2252,,,,,,
2173|2330,2176,1791,,,,
2173|2348|2349,,,,,,
2173|2458,,13928,8137,,,
2173|2458,,5756,,,,
2173|2458,,14317,,,,
2173|2458|14123,741,,,,,
2173|2458|1616,,,,,,
2173|2458|196,,,,,,
2173|2458|2176,,,,,,
2173|2458|2185,,,,,,
2173|2458|2204,,,,,,
2173|2458|2229,,,,,,
2173|2458|2241,,,,,,
2173|2458|2252,,,,,,
2173|2458|2361,,,,,,
2173|2458|2461,,,,,,
2173|2458|264,,,,,,
2173|2458|2933,,,,,,
2173|2458|3146|2241,,,,,,
2173|2458|3146|2241,,,,,,
2173|2458|3146|3147,,,,,,
2173|2458|3674,,,,,,
2173|2458|535,,,,,,
2173|2458|647,,,,,,
2173|2458|746,,,,,,
2173|2458|9865,,,,,,
2173|2459|2212,,,,,,
2173|2459|2460,,,,,,
2173|2459|26,,,,,,
2173|2480,,4022,,,,
2173|2626,2173,1791,,,,
2173|2626|2229,1223,,,,,
2173|2626|2992,,,6506,,,
2173|2714|2715,,,,,,
2173|2724|2252,2724,,,,,
2173|3146|4703,,,,,,
2173|3568,,,,,,
2173|3688,,,,,,
2173|3688|2252,,,,,,
2173|3689|3690,,,,,,
2173|3716|2215|13081,,,,,,
2173|3726|3727|3728|2429,,,,,,
2173|59,1373,,,,,
2173|6825|6827,,,,,,
2173|7290,,,,,,
2173|8353|2243,,,,,,
2173|8641|7975,,,,,,
2173|9242|796,,,,,,
2173|953,,,,,,
2174,2174,,,,,
2174,,,,,,
2174|2664,2174,,,,,
2175,2175,,2541,,,
2175,2287,,,,,
2175,2196,,,,,
2175,6953,,,,,
2175,,,,,,
2175,101,,,,,
2175,196,,,,,
2175|11471|3706|2462,,,,,,
2175|12310|2257,,,,,,
2175|12522|12401,,,,,,
2175|12522|3712,,,,,,
2175|13213|2204,,,,,,
2175|13245,,,,,,
2175|14241|2265|2591|561,,,,,,
2175|14241|8199,,,,,,
2175|14248|2257,,,,,,
2175|16506|562,,16507,,,,
2175|2181,,,,,,
2175|2181|3674,,,,,,
2175|2185,,,,,,
2175|2185|2361,,,,,,
2175|2189|2257,2257,,,,,
2175|2189|3146,,,,,,
2175|2189|3674,,,,,,
2175|2204|1569,,,,,,
2175|2204|2244,,,,,,
2175|2206|2173,,,,,,
2175|2206|2261,,,,,,
2175|2206|2261|3325,,,,,,
2175|2206|2261|3325|8075,,,,,,
2175|2206|3325,,,,,,
2175|2206|3692,,,,,,
2175|2206|6550,,,,,,
2175|2211|13938|2992,,,,,,
2175|2268|810,,,,,,
2175|2348,2175,,,,,
2175|2348|9996,,,,,,
2175|2451|6721,,,,,,
2175|2458|3702,,,,,,
2175|2626|11204,,,,,,
2175|2626|2257,,,,,,
2175|2721|2722,,,,,,
2175|3116|5978,,,,,,
2175|3674,,,,,,
2175|3738|2361,,,,,,
2175|3738|9461,,,,,,
2175|3960,,,,,,
2175|54,,,,,,
2175|6867|56,,,,,,
2175|6867|6868,,,,,,
2175|6920|1768,,,,,,
2175|6920|2252,,,,,,
2175|6920|6922,,,,,,
2175|7039|7,,,,,,
2175|8925|8926,,,,,,
2175|9242,,,,,,
2175|9242,,,,,,
2176,,,,,,
2176,15000,,,,,
2176,10660,,,,,
2176,12875,,,,,
2176,2173,,,,,
2176,738,,,,,
2176,12152,,,,,
2176,998,,,2176,,
2176,2176,,,,,
2176,2176,,,,,
2176,10572,,,,,
2176,10658,,,,,
2176,11884,,,,,
2176,2253,,,,,
2176,1594,,,,,
2176,1688,,,,,
2176,,,791,,,
2176,,14978,,,,
2176|10449,565,,,,,
2176|11206|6622,,,,,,
2176|13156,,,,,,
2176|14482,2176,,,,,
2176|14922|14923,,,,,,
2176|15000,2176,,,,,
2176|15460|456,,,,,,
2176|16263|2241,16263,,,,,
2176|16263|2241,,,,,,
2176|2175,,,,,,
2176|2177,,1791,,,,
2176|2181|1469,,,,,,
2176|2185,,,,,,
2176|2185,,1789,,,,
2176|2185|1640,,,,,,
2176|2185|1740,,,,,,
2176|2185|1740,,,,,,
2176|2185|2656,,,,,,
2176|2185|2929,,,,,,
2176|2185|6622,,,,,,
2176|2189,122,,,,,
2176|2189,,,,,,
2176|2189|10,,,,,,
2176|2189|1124,196,,,,,
2176|2189|1127,2458,,,,,
2176|2189|116,212,,,,,
2176|2189|1196,,,,,,
2176|2189|12024,,,,,,
2176|2189|12047,,,,,,
2176|2189|124,1297,,,,,
2176|2189|1310,,,,,,
2176|2189|135,,,,,,
2176|2189|13801|56,,,,,,
2176|2189|141,,,,,,
2176|2189|1491,1491,,,,,
2176|2189|1513,,,,,,
2176|2189|16143,15174,,,,,
2176|2189|1702,196,,,,,
2176|2189|196,196,,,,,
2176|2189|2193,2193,,,,,
2176|2189|2193,,,,,,
2176|2189|2211,,,,,,
2176|2189|2260,,,,,,
2176|2189|2261,,,,,,
2176|2189|2261|2609,,,,,,
2176|2189|2261|56|6656,,,,,,
2176|2189|2287,335,,,,,
2176|2189|236,2287,,,,,
2176|2189|2412|12491,,11902,10356,,,
2176|2189|2609,2622,,,,,
2176|2189|2609,,,,,,
2176|2189|2609|6652,,,,,,
2176|2189|2656,,,,,,
2176|2189|2962,449,,,,,
2176|2189|3146,,,,,,
2176|2189|335,2287,,,,,
2176|2189|3674|2609,,,,,,
2176|2189|3891,,,,,,
2176|2189|390,456,,,,,
2176|2189|449,,,,,,
2176|2189|5342,,,,,,
2176|2189|56,643,11902,,,,
2176|2189|56,,,,,,
2176|2189|616,196,,,,,
2176|2189|641|6717,,,,,,
2176|2189|6622,,,,,,
2176|2189|6761,,,,,,
2176|2189|6794,,,,,,
2176|2189|775,237,,,,,
2176|2189|7887|2179,,,,,,
2176|2189|816,1174,,2188,,,
2176|2196,,,,,,
2176|2196|2257,,,,,,
2176|2203|11398,,,,,,
2176|2204,,,,,,
2176|2204|11926,,,,,,
2176|2204|2181|6169,,,,,,
2176|2204|2722,,,,,,
2176|2211|102,,,,,,
2176|2234,922,10148,,1125,,
2176|2324,2176,1791,,,,
2176|2330|12311,,,,,,
2176|2412,,,,,,
2176|2412|10437,,,,,,
2176|2412|149,,,,,,
2176|2412|212,,,,,,
2176|2412|2229,,,,,,
2176|2412|249,,,,,,
2176|2412|2953,,,,,,
2176|2412|3013,,,,,,
2176|2412|6779,,,,,,
2176|2412|683,816,,,,,
2176|2412|6840|6841,,,,,,
2176|2431,,,2997,,,
2176|2451|2452,,,,,,
2176|2451|2454,,,,,,
2176|2458|1160,,,,,,
2176|2458|12401,2261,,,,,
2176|2458|2261,,,9299,,,
2176|2458|3712,,,,,,
2176|2458|683,,,,,,
2176|2609,,,,,,
2176|2609|3674,,,,,,
2176|2664|12117,12117,,,,,
2176|2664|2175,,,,,,
2176|2664|6533,,,,,,
2176|2717|2243,,,,,,
2176|2717|2715,,,,,,
2176|3235,7511,,,,,
2176|3303|3304,,,,,,
2176|3716|3712,,,,,,
2176|5978,,,,,,
2176|6214|6215,2176,,,,,
2176|6591|7700,,,,,,
2176|7033,,,,,,
2176|7042|9970,,,,,,
2176|8959|11255,,,,,,
2176|8959|2241,,,,,,
2176|8959|2257,,,,,,
2176|8959|2261,,,,,,
2177,,,,,,
2177,12166,,,,,
2177,2204,,,,,
2177|10153|10154,,,,,,
2177|12040|3235,2177,,,,,
2177|14320|14321|1095,,,,,,
2177|14954|1349,,,,,,
2177|15472|15473,2177,,,,,
2177|15905|15906,2176,,,,,
2177|2181|11245,,,,,,
2177|2181|11435,,,,,,
2177|2181|12044|2252,,,,,,
2177|2181|1433,,,,,,
2177|2181|1476,,,,,,
2177|2181|15862,,,,,,
2177|2181|2229,,,,,,
2177|2181|243,,,,,,
2177|2181|2462,,,,,,
2177|2181|3005,,,,,,
2177|2181|3262,,,,,,
2177|2181|3443,,,,,,
2177|2181|3735,,,,,,
2177|2181|473,,,,,,
2177|2181|7564,,,,,,
2177|2181|7564|2241,,,,,,
2177|2181|8659,,,,,,
2177|2185|2659,,,,,,
2177|2200|5115,,,,,,
2177|2200|5935,,,,,,
2177|2206|3692,,,,,,
2177|2211|7488|5978,,,,,,
2177|2330,2173,1791,,,,
2177|2358|10679,,,,,,
2177|2869|2241,2173,,,,,
2177|3434|2214,,,,,,
2177|3891|3013,,,,,,
2177|6550|1162,,,,,,
2177|7042,,,,,,
2177|7042|2229,,,,,,
2177|7042|264,,,,,,
2177|9781|1208,,,,,,
2177|9819|1616,,,,,,
2177|9819|9822,,,,,,
2178,1404,,,,,
2178|16509,,,,,,
2178|2196,,,,,,
2178|2196,6953,,,,,
2178|2196,,,,,,
2178|2196,,11148,,,,
2178|2196,,6655,,,,
2178|2196|11598,,,,,,
2178|2196|12093,,,,,,
2178|2196|1315,1196,,,,,
2178|2196|1347,,,,,,
2178|2196|1433,141,,,,,
2178|2196|1433,272,,,,,
2178|2196|1443,,,,,,
2178|2196|1650,,,,,,
2178|2196|2234,,,,,,
2178|2196|2241,,,12796,,,
2178|2196|2357|2622,,,,,,
2178|2196|243,,,,,,
2178|2196|2454,,,,,,
2178|2196|2456,,,,,,
2178|2196|2457,,,,,,
2178|2196|247,,,,,,
2178|2196|255,,,,,,
2178|2196|274,,,,,,
2178|2196|443,,,,,,
2178|2196|497,,,,,,
2178|2196|535,,,,,,
2178|2196|578,,,,,,
2178|2196|6169,,,,,,
2178|2196|883,,,,,,
2178|2196|910,,,,,,
2178|2196|922,,,,,,
2178|2196|9522,,,,,,
2178|2458|13038,,,,,,
2178|2458|2357,,,,,,
2179,2211,,,,,
2179,,,,,,
2179|11475|3697,,,,,,
2179|13888|1236,,,,,,
2179|13888|13890,,,,,,
2179|13899,,,,,,
2179|15415|10698,,,,,,
2179|15415|15417,,,,,,
2179|15985|2212,2179,,,,,
2179|2181|11879,,,,,,
2179|2181|2270,,,,,,
2179|2181|2358,,,,,,
2179|2181|2358|2609,,,,,,
2179|2189,,,,,,
2179|2189|11960,,,,,,
2179|2189|11962,,,,,,
2179|2189|2176,,,,,,
2179|2189|7039,,,,,,
2179|2196|101,,13948,,,,
2179|2196|11398,,,,,,
2179|2196|13992,,,,,,
2179|2196|2261,,,,,,
2179|2196|3013,,,,,,
2179|2196|3013|9706,,,,,,
2179|2211,7197,,,,,
2179|2211,,,,,,
2179|2211|10044,,,,,,
2179|2211|102,,,,,,
2179|2211|10760,,,,,,
2179|2211|1160,1160,,12349,,,
2179|2211|13372,,,,,,
2179|2211|13480,2454,,,,,
2179|2211|135,,,,,,
2179|2211|1594,,,,,,
2179|2211|16138,,,,,,
2179|2211|168,,,,,,
2179|2211|1782,,,,,,
2179|2211|2460,,,,,,
2179|2211|2707,,,,,,
2179|2211|3712|6540,,,,,,
2179|2211|457,,,,,,
2179|2211|56,,,,,,
2179|2211|6789,,,,,,
2179|2211|6789|272,597,,8137,,,
2179|2211|7026,,,,,,
2179|2211|76,,,,,,
2179|2211|76,76,,,,,
2179|2211|7762,,11902,,,,
2179|2211|998,,,,,,
2179|2211|9993|9026,,,,,,
2179|2238,,,,,,
2179|2458|2677,,,,,,
2179|2642|2643,,,,,,
2179|2991|2992,,,,,,
2179|3262,,,,,,
2179|3683|2659,,,,,,
2179|4010|5978,,,,,,
2179|4010|6789|2454,1508,,,,,
2179|6214|1629,,,12313,,,
2179|7676|8093,,,,,,
2179|9709,2179,,,,,
218,,,3906,,,
2181,11917,,,,,
2181,122,,,,,
2181,272,,,,,
2181,13162,,,,,
2181,3891,,,,,
2181,,,,,,
2181|10458,,,,,,
2181|1048,,,,,,
2181|10881,,,,,,
2181|1181,,,,,,
2181|1192,,,,,,
2181|1196,,12914,,,,
2181|1223,,,,,,
2181|12464,,,,,,
2181|1348,,,,,,
2181|13661,,,,,,
2181|1377,,,,,,
2181|140,,,13979,,,
2181|1757,,,,,,
2181|2204|2261,,,,,,
2181|2233,,,,,,
2181|2241,,,,,,
2181|2243,,,,,,
2181|2722,,,,,,
2181|3107,,,,,,
2181|3178,,,,,,
2181|456,,,,,,
2181|4580,,9628,,,,
2181|556,,,,,,
2181|6156,,,,,,
2181|6739,,,,,,
2181|6916,,,,,,
2181|7525,,,,,,
2181|7528,,,,,,
2181|9062,,,,,,
2181|9893,,,,,,
2181|990,,,,,,
2181|998,,,,,,
2182,,,,,,
2182|12360,,,,,,
2182|274,,,,,,
2183,2241,,,,,
2183,2241,,,,,
2184|2271,,,2201,,,
2185,2185,,,,,
2185,,8938,,,,
2185,,,,,,
2185,11909,11915,,,,
2185,998,,,,,
2185|1196,,,,,,
2185|1373,,,,,,
2185|222,,,,,,
2185|2222,,,,,,
2185|2257,,,,,,
2185|3732,,,,,,
2185|4032,,,,,,
2187|6807,,,,,,
2188,,,,,,
2188,,9023,,,,
2188|1025,,,1640,,,
2188|10835,,,,,,
2188|1090,,,,,,
2188|11121,,,,,,
2188|11126,,,,,,
2188|11800,,,,,,
2188|11935|13407,2462,,,,,
2188|12306,,,2287,,,
2188|12365,2189,,15522,,,
2188|12467,,,2189,,,
2188|12489,1561,,,,,
2188|12508,,,643,,,
2188|12548,7931,,456,,,
2188|12548,15346,,,,,
2188|12576,,,,,,
2188|12579,,,,,,
2188|12583,,,12581,,,
2188|12587,,,12586,,,
2188|12597,,,2287,,,
2188|12616,1642,,,,,
2188|12714,,,12712,,,
2188|12720,,,1267,,,
2188|12747,,,1457,,,
2188|13065,,,1757,,,
2188|13074,,,3891,,,
2188|13077,,,13076,,,
2188|13462,273,,,,,
2188|1376,1377,,,,,
2188|1404,,,196,,,
2188|15068|15400,1645,,,,,
2188|15339,,5756,,,,
2188|15525,,,,,,
2188|1638,10419,,3735,,,
2188|1638,1768,,,,,
2188|1711,11715,,,,,
2188|195,,,10967,,,
2188|195,,,2452,,,
2188|195,,,,,,
2188|195,,,,,,
2188|3149,,,,,,
2188|330,,,,,,
2188|330,,,,,,
2188|337,2252,,,,,
2188|337,,,1219,,,
2188|3681,2229,,,,,
2188|3756|4960,3757,,1337,,,
2188|3935,,,2189,,,
2188|4013,,,524,,,
2188|465,,,14,,,
2188|465,,,13005,,,
2188|55,,,,,,
2188|618,,,,,,
2188|6506,,,2659,,,
2188|716,654,,1196,,,
2188|7263,,,2236,,,
2188|791,399,,2176,,,
2188|791,,,,,,
2188|8768,12438,,12438,,,
2188|905,,,,,,
2188|9988,,,,,,
2189,10379,,,,,
2189,,,,,,
2189,,,12613,,,
2189,13649,,,,,
2189,1194,,,,,
2189,2458,,,,,
2189,792,,3761,,,
2189,8170,,,,,
2189,442,,,,,
2189,11134,11148,,,,
2189,209,,,,,
2189,196,,,,,
2189|10012,908,,,,,
2189|1009,10,,,,,
2189|1020,2920,,,,,
2189|1021,654,2589,,1616,,
2189|10254,,,3935,,,
2189|1046,,,,,,
2189|10710,654,,,,,
2189|1072,,,11344,,,
2189|1073,129,,,,,
2189|1075,,,,,,
2189|1087,1248,,,,,
2189|1107,,,,,,
2189|11109,,,,,,
2189|11111,,,,,,
2189|11134,2189,,,,,
2189|11144,1682,,,,,
2189|11146,9461,,,,,
2189|11150,887,,,,,
2189|1119,1119,,,,,
2189|1119,,,,,,
2189|11224,,,,,,
2189|1139,20,,,,,
2189|11398,,,,,,
2189|1143,,,,,,
2189|1150,212,,,,,
2189|11646,,,,,,
2189|1183,1248,,,,,
2189|1183,124,,,,,
2189|1183,2917,,,,,
2189|1183,,,,,,
2189|1194,,,,,,
2189|1195,1420,,,,,
2189|1196,2454,,7007,,,
2189|1196,,,,,,
2189|1196,1196,,,,,
2189|1196,2458,,,,,
2189|1196,11192,,,,,
2189|1196,2287,,,,,
2189|1196,449,,,,,
2189|1197,,,,,,
2189|1219,12707,,337,,,
2189|1223,2601,,,,,
2189|124,236,,,,,
2189|124,2263,,,,,
2189|124,2929,,,,,
2189|1241,,,,,,
2189|1242,,,,,,
2189|12438,12439,,2188,,,
2189|1248,1529,,,,,
2189|1248,2218,,,,,
2189|1248,2601,,,,,
2189|1248,727,,,,,
2189|1248,2933,,,,,
2189|1248,,,,,,
2189|1248|20,5221,,,,,
2189|12487,,,2188,,,
2189|12501,12501,11902,8137,,,
2189|12586,,,12587,,,
2189|12606,,,,,,
2189|12609,,,,,,
2189|12611,,,,,,
2189|12613,,,2188,,,
2189|12644,,,,,,
2189|1268,461,,,,,
2189|12712,12713,,12714,,,
2189|12713,,,,,,
2189|12718,,,,,,
2189|12753,,,,,,
2189|12760,,5725,,,,
2189|12766,1769,6448,3935,,,
2189|12769,,,,,,
2189|12878,,,,,,
2189|1288,812,,,,,
2189|12880,,,,,,
2189|129,129,,,,,
2189|1296,,,,,,
2189|12983,,,,,,
2189|1299,,,,,,
2189|13005,,,465,,,
2189|13068,1757,,,,,
2189|13070,,,,,,
2189|13076,,,13077,,,
2189|1308,212,,,,,
2189|1308,456,,,,,
2189|1337,,,,,,
2189|1349,13417,,,,,
2189|135,2204,,,,,
2189|135,5655,,,,,
2189|135,,,,,,
2189|135,1139,,,,,
2189|135,20,,,,,
2189|13545,,,,,,
2189|1356,2188,,,,,
2189|136,,,,,,
2189|13638,,,,,,
2189|13646,,,,,,
2189|137,,,,,,
2189|13709,,,,,,
2189|1373,2600,,,,,
2189|1373,,,,,,
2189|1388,200,,,,,
2189|14,12762,12765,465,,,
2189|140,135,,,,,
2189|1403,1267,,,,,
2189|1403,,,,,,
2189|141,,,,,,
2189|141|2659,,,,,,
2189|1416,842,,,,,
2189|1424,,,,,,
2189|1433,3107,,,,,
2189|1433,,,,,,
2189|1529,,,,,,
2189|15343,,,,,,
2189|15346,689,,,,,
2189|15348,,,,,,
2189|15424|15426,,,,,,
2189|1546,497,,,,,
2189|1548,2176,,,,,
2189|1548,1548,,,,,
2189|1548,,,,,,
2189|1548,990,,,,,
2189|1576,,,,,,
2189|1576,1645,,,,,
2189|1576,,,,,,
2189|158,158,,,,,
2189|1594,264,,,,,
2189|1594,1201,,,,,
2189|16023,158,,,,,
2189|1616,1508,,,,,
2189|1629,996,,,,,
2189|1629,2194,,,,,
2189|16360|135,,,,,,
2189|1640,2204,,,,,
2189|1640,,7721,,,,
2189|1640,,,1025,,,
2189|1640,1598,,,,,
2189|1640,1183,,,,,
2189|1642,2659,,,,,
2189|1642|3729,,,,,,
2189|1645,1129,,,,,
2189|1645,456,15411,,,,
2189|1645,2659,,,,,
2189|1649,1416,,,,,
2189|1650,2454,,,,,
2189|16562,,,,,,
2189|1708,1248,,,,,
2189|1708,1708,,,,,
2189|1708,56,,,,,
2189|1708,5153,,,,,
2189|172,,,,,,
2189|172,,,,,,
2189|174,,,,,,
2189|1757,2917,,,,,
2189|1757,,,13065,,,
2189|1759,1645,,,,,
2189|191,,,,,,
2189|191|7654,,,,,,
2189|196,756,,,,,
2189|196,1702,,,,,
2189|196,2287,,,682,,
2189|196,2287,,,,,
2189|196,,,,,,
2189|196,158,,,,,
2189|20,2928,,,,,
2189|20,756,,,,,
2189|20,2929,,,,,
2189|20,2229,,,,,
2189|200,2287,,,,,
2189|209,233,,,,,
2189|212,1128,,,,,
2189|212,212,,,,,
2189|212,,,,,,
2189|214,,,,,,
2189|214,2181,,,2229,,
2189|214,,,,,,
2189|214,2173,15406,,,,
2189|2175,,,3891,,,
2189|2176,1642,,,,,
2189|2176,2287,,,,,
2189|2176,9185,,,,,
2189|2176,732,,,,,
2189|2176,2176,,,,,
2189|2176,2176,,,,,
2189|2176,,,,,,
2189|2176,2932,,,,,
2189|2176,1548,,,,,
2189|2176,,11902,6506,,,
2189|2177|1645,,15402,,,,
2189|2182,792,,,,,
2189|2183,613,,,,,
2189|2185,2931,,,,,
2189|2196,5104,,,,,
2189|2196,7186,,,,,
2189|2198,135,,,,,
2189|2199,1297,,,,,
2189|2200,,,,,,
2189|2204,2265,,,,,
2189|2204,129,,,,,
2189|2206|783,,,,,,
2189|2208,2241,,,,,
2189|221,1248,,,,,
2189|221,2932,,,,,
2189|221,1708,,,,,
2189|2211,2239,,,,,
2189|2211,,,,,,
2189|2211,20,,,,,
2189|2211,2224,,,,,
2189|2215,,,,,,
2189|2218,2196,,,,,
2189|2218,1073,,,,,
2189|2219,516,,,,,
2189|2219,5115,,,,,
2189|2220,,,,,,
2189|2228,2196,,,,,
2189|2229,,,,,,
2189|2230,2241,,,,,
2189|2233,,,,,,
2189|2234,2287,,,,,
2189|2234,,,,,,
2189|2236,2236,11902,7263,,,
2189|2241,,,,,,
2189|2241,348,,11871,,,
2189|2243,,,,,,
2189|2246,,,,,,
2189|2252,1629,,,,,
2189|2252,,,,,,
2189|2255,,,,,,
2189|2257,1183,,,,,
2189|2260,,,,,,
2189|2261,540,,,,,
2189|2268,1150,,,,,
2189|2269,236,,,,,
2189|2272,56,,,,,
2189|228,2190,,,,,
2189|2287,124,,,,,
2189|2287,,,12306,,,
2189|2287,2928,,,,,
2189|2287,1139,,,,,
2189|2287,1128,,,,,
2189|2287,2241,,,,,
2189|2287,682,,,,,
2189|2287,2287,,,354,,
2189|2287,2218,,,,,
2189|2287,236,,,,,
2189|2287,135,,,,,
2189|2287,129,,,,,
2189|2287,,,,,,
2189|2287,,,12597,,,
2189|2287|11601,,,,,,
2189|234,,,,,,
2189|2452,,,,,,
2189|2452,129,,,,,
2189|2452,456,6448,195,,,
2189|2458,,,,,,
2189|246,335,,,,,
2189|249,,,,,,
2189|2582,,,,,,
2189|260,1119,,,,,
2189|2600,124,,,,,
2189|2602,5118,,,,,
2189|2603,1297,,,,,
2189|264,,,,,,
2189|264,335,,,,,
2189|2659,5339,,,,,
2189|2659,1336,,,,,
2189|2659,,,6506,,,
2189|2833,,,,,,
2189|2917,2917,,,,,
2189|2928,,,,,,
2189|2932,2176,,,,,
2189|2932,58,,,,,
2189|2932,1548,,,,,
2189|2935,2218,,,,,
2189|2962,,,,,,
2189|2964,2933,,,,,
2189|2965,645,,,,,
2189|299,56,,,,,
2189|3112,842,,,,,
2189|3114,129,,,,,
2189|3146,,,,,,
2189|3173,2287,,,,,
2189|3178,,,,,,
2189|3191,,,,,,
2189|3191,3443,,,,,
2189|3241,,,,,,
2189|3258|3938,,,,,,
2189|335,1529,,,,,
2189|335,728,,,,,
2189|335,,,,,,
2189|342,,11902,2287,,,
2189|3697,,,,,,
2189|3735,212,11902,1638,,,
2189|3757,,,3758,,,
2189|3891,,,,,,
2189|390,6688,,,,,
2189|392,335,,,,,
2189|393,1248,,,,,
2189|399,1598,,,,,
2189|399,399,,,,,
2189|4197,,,,,,
2189|440,,,,,,
2189|442,212,,,,,
2189|4434,1729,,4867,,,
2189|449,,,,,,
2189|449,7975,,,,,
2189|449,200,,,,,
2189|456,,,12548,,,
2189|456,2287,,,,,
2189|456,,,,,,
2189|459,5153,,,,,
2189|459,1183,,,,,
2189|459,2176,,,,,
2189|459,783,,,,,
2189|463,212,,,,,
2189|469,1462,,,,,
2189|469,,,,,,
2189|469,2229,,,,,
2189|485,2175,,,,,
2189|485,,,,,,
2189|4857,,,,,,
2189|4909,,,,,,
2189|506,1196,,,,,
2189|5115,,,,,,
2189|5115,,,,,,
2189|5151,2287,,,,,
2189|5153,2932,,,,,
2189|5582,,,,,,
2189|56,2188,,,,,
2189|56,56,,,,,
2189|56,5274,,,,,
2189|56,,,,,,
2189|56,1740,,,,,
2189|564,645,,,,,
2189|564,564,,,,,
2189|56|7248,,,,,,
2189|571,2965,,,,,
2189|578,578,,,,,
2189|5856,1529,,,,,
2189|5856,1132,,,,,
2189|5978|6848|1587,,,,,,
2189|6156,,,,,,
2189|635,2920,,,,,
2189|6373,6373,,,,,
2189|643,12506,11902,2188,,,
2189|643,264,,,,,
2189|643,208,,,,,
2189|6498,,,,,,
2189|6610,,,,,,
2189|6622|451,,,,,,
2189|6678,,,,,,
2189|6717,,,,,,
2189|682,1548,,,,,
2189|682,1183,,,,,
2189|683,,,,,,
2189|6850,,,,,,
2189|6875,,,,,,
2189|689,1308,,,,,
2189|7117,,,,,,
2189|7132,,,,,,
2189|718,2204,,,,,
2189|718,792,,,,,
2189|7186,2196,,,,,
2189|727,456,,,,,
2189|732,2930,,,,,
2189|732,5104,,,,,
2189|7516,264,,,,,
2189|756,2934,,,,,
2189|756,756,,,,,
2189|7650,,,,,,
2189|7658,,,,,,
2189|7667,,,,,,
2189|7667|2361,,11902,,,,
2189|781,511,,,,,
2189|781,2458,,,,,
2189|784,756,,,,,
2189|784,2176,,,,,
2189|784,236,,,,,
2189|787,799,,,,,
2189|792,2176,,,,,
2189|792,2179,,,,,
2189|792,792,,,,,
2189|796,1196,,,,,
2189|796,1539,,,,,
2189|796,,,,,,
2189|796,2458,,,,,
2189|796|1196,,,,,,
2189|7975|6717,,,,,,
2189|812,2175,,,,,
2189|816,,,,,,
2189|8196,,,,,,
2189|823,,,,,,
2189|825,,,,,,
2189|825,2719,,,,,
2189|842,5112,,,,,
2189|842,2218,,,,,
2189|846,,,12602,,,
2189|847,141,,,,,
2189|849,898,,,,,
2189|8501,,,,,,
2189|8865,1196,,,,,
2189|887,11111,,,,,
2189|887,556,,,,,
2189|8912,,,,,,
2189|8926,672,,,,,
2189|9026,9026,,,,,
2189|9123,,,,,,
2189|922,273,,,,,
2189|932,,,,,,
2189|9398,,,,,,
2189|9461,212,,,,,
2189|952,1336,,,,,
2189|952,791,,,,,
2189|9528,,,,,,
2189|955,1576,,,,,
2189|9573,1190,,,,,
2189|9840,,,,,,
2189|990,990,,,,,
2189|9928,,,,,,
2191,1222,,,,,
2191|3343,,,3341,,,
2193,6672,,,,,
2193|7554,,,,,,
2195,306,,,,,
2196,,,,,,
2196,2241,,2178,,,
2196,141,,,,,
2196|11102,6868,,,,,
2196|1150,,,,,,
2196|12098,2178,,,,,
2196|12311,,,,,,
2196|12501,,,8137,,,
2196|1377,1377,,,,,
2196|1562,,,,,,
2196|1626,,,,,,
2196|2176,2196,,,,,
2196|2176,,,,,,
2196|2212,,,,,,
2196|2213,,,,,,
2196|2229,,,,,,
2196|2241,,,,,,
2196|234,,,,,,
2196|241,,,,,,
2196|2462,,,,,,
2196|2930,,,,,,
2196|3443,2178,,,,,
2196|3685,,,,,,
2196|3712,,,,,,
2196|3741,,,,,,
2196|5978,2178,,,,,
2196|644,,,,,,
2196|6614,,,,,,
2196|6622,,,,,,
2196|688,,,,,,
2196|7039,,,,,,
2196|810,1529,,,,,
22,451,4232,,,,
220,,,,,,
2200,8026,,,,,
2201|2262,,,,,,
2202|2219,,,,,,
2203,,,,,,
2203|2256,,,,,,
2204,13279,,,,,
2204,621,,,,,
2204|101,,,12806,,,
2204|1508,,,,,,
2204|1639,,,,,,
2204|1642,6149,,,,,
2204|2215,,,,,,
2204|2232,,,,,,
2204|2241,,,,,,
2204|2243,,,,,,
2204|6149,,,,,,
2204|6149,,,,,,
2204|67,,,,,,
2204|683,,,,,,
2204|9528,,,,,,
2206,,,,,,
2206|2189|264,,,,,,
2206|2659,,,,,,
2208|2268,,,,,,
2209,,,,,,
2209|842,,,,,,
2210,1377,,,,,
2210,,,,,,
2210|10777,381,,,1377,,
2210|139,,,,,,
2210|1678,,,,,,
2210|279,,,,,,
2210|2848,,,,,,
2210|3332,,,,,,
2210|3592,,,2196,,,
2210|45,,,,,,
2210|791,,,,,,
2210|7976,,,,,,
2210|7976,209,,,,,
2211,,,,,,
2211,140,,,,,
2211,11928,,,,,
2211|1085,1508,,,,,
2211|11933,,,,,,
2211|1196,,,,,,
2211|124,,,,,,
2211|12804,,6448,,,,
2211|13008,,,,,,
2211|13031,,,,,,
2211|1327,,,,,,
2211|13360,,,,,,
2211|1347,,,,,,
2211|1368,,,,,,
2211|13972,,,,,,
2211|141,,,,,,
2211|1432,,,,,,
2211|1508,,,,,,
2211|1570,52,,,,,
2211|16099|1508,,,,,,
2211|16101,16103,,,,,
2211|16108,,,,,,
2211|16266|2241,,,16267,,,
2211|16526,,,,,,
2211|1739,,,,,,
2211|208,,,,,,
2211|2173,,,,,,
2211|2204|13034,,,,,,
2211|2229,,,,,,
2211|2234,,,,,,
2211|2241,,,,,,
2211|2243,,8458,,,,
2211|2252,,,,,,
2211|2460,,,,,,
2211|2659,,,,,,
2211|2664,,8919,,,,
2211|3178,,,,,,
2211|3476,,,,,,
2211|3706,,,,,,
2211|3722,,,,,,
2211|3732,,,,,,
2211|399,,,,,,
2211|451,,,,,,
2211|456,,,12798,,,
2211|487,654,,1426,76,,
2211|5115,,,,,,
2211|56,,,,,,
2211|5707,,,1718,,,
2211|5978,,,,,,
2211|611,7832,,,,,
2211|643,,,,,,
2211|654,,,10767,,,
2211|6761,,,,,,
2211|72,,,,,,
2211|728,,,,,,
2211|7427,2462,,,,,
2211|7427,,,,,,
2211|76,76,,,,,
2211|76,,,,,,
2211|7783,,,,,,
2211|816,,,,,,
2211|868,,,,,,
2211|887,,5725,12801,,,
2211|9954,,,,,,
2211|997,,,12426,,,
2211|998,4717,,,,,
2212,2258,,,2277,,
2213,,,,,,
2215,,,,,,
2215,16047,,,,,
2215|605,,,,,,
2218,,,,,,
2219,,,,,,
2220,2258,,,2277,,
2221,,,,,,
2222,2222,,,,,
2229,4235,,,,,
2229,497,,,,,
2229,,,,,,
2229,,,,,,
2229,,,455,,,
2229,1616,,,,,
2229,2348,,,,,
2229,2458,,,,,
2229,2229,,,,,
2229,2229,,,,,
2229,792,,,,,
2229,457,,,,,
2229|56,,,,,,
223,1095,,,,,
223,141,,,,,
223,1015,,,,,
2233,,,,,,
2233,353,,,,,
2233,1085,,,,,
2233,2176,,,,,
2233,1442,,,,,
2233,519,,,,,
2233|1539,,,,,,
2233|2202,,,,,,
2234,508,,,,,
2234,,,,,,
2235,2196,,,,,
2235,831,,,,,
2236,2236,,,,,
2237|12516|2257,,,7091,,,
2238,,,11288,,,
224,4608,,,,,
2240,,,,,,
2240,2258,,,2277,,
2241,,,,,,
2241,1581,,,,,
2241,1640,,,,,
2241,1776,,,,,
2241,,16157,,,,
2241,2195,,,,,
2241,2196,,,,,
2241,2241,,,,,
2241|2189,,,,,,
2241|268,,,,,,
2241|7929,,,,,,
2242,2243,,,,,
2243,2204,,,,,
2243,,,,,,
2243,2243,,,,,
2243,2452,,,,,
2244,,,,,,
2245,,,,,,
2245,8728,,,,,
2246,,,,,,
2246,2176,,,,,
2249,2357,,,,,
2250,2258,,,2277,,
2251,,,,,,
2251,6940,,,,,
2252,9083,,,,,
2252,1522,,,,,
2252,,,,,,
2252,3891,,,,,
2253,,,,,,
2254,2254,,,,,
2254,274,,,,,
2255|3241|2239,,,,,,
2257,10052,,,,,
2257,449,,,,,
2257,141,15407,,,,
2257,,,,,,
2257,2257,,,1576,,
2257,2243,,,,,
2257|7267,,,,,,
2257|8079,586,,,,,
2257|8959,,,,,,
2258,,,1085,,,
2258,,,,,,
2258,2277,,3891,,,
2258,2182,,,,,
2258|3327,,,,,,
226,15735,,,,,
226,71,,,,,
226,15639,,,,,
226,297,,,,,
226,1214,,,,,
226,1215,,,,,
226,15667,,,,,
226,1757,,,,,
226,,,,,,
2260,307,,,,,
2260,,,,,,
2260,1361,,,,,
2260,1194,,,,,
2261,,,,,,
2261,3246,,,,,
2261,1240,,,,,
2264,8728,,556,,,
2264,15225,,,,,
2264,140,,,,,
2264,794,,,,,
2264|15055,,,,,,
2265,3050,,,,,
2266,,,,,,
2267,1611,,,,,
2270,796,,,,,
2272,7197,,,,,
2272,,,,,,
2277,2175,,,,,
2277,750,,,,,
2277,,,,,,
2278,2258,,,2277,,
228,,,,,,
228,793,,,,,
228,140,11902,,,,
2287,2176,,,,,
2287,,,,,,
2287,20,,,,,
2287,28,,,,,
2287,2181,,,2229,,
2287,57,,,,,
2287,116,,,,,
2287,124,,,,,
2287,128,,,,,
2287,129,6448,,,,
2287,135,,,,,
2287,141,,,,,
2287,141,,,,,
2287,11408,,,,,
2287,6724,,,,,
2287,2204,,,,,
2287,2929,,,,,
2287,390,,,,,
2287,399,5725,,,,
2287,14491,,,,,
2287,434,,,,,
2287,2287,,,,,
2287,2287,3008,,,,
2287,4272,,,,,
2287,4540,,,,,
2287,497,,,,,
2287,499,,,,,
2287,568,,,,,
2287,689,,,,,
2287,5415,,3621,,,
2287,728,,,,,
2287,775,,,,,
2287,846,,,,,
2287,15433,,,,,
2287,997,,,,,
2287,1022,,,,,
2287,1119,,,,,
2287,1128,,,,,
2287,15264,,,,,
2287,1183,,,,,
2287,13774,,,,,
2287,1266,,,,,
2287,1272,,,,,
2287,1274,,,,,
2287,1372,,,,,
2287,1388,,1379,,,
2287,5574,,,,,
2287,2257,,3522,,,
2287,1533,,1078,,,
2287,1636,,,,,
2287,1642,,,,,
2287,1652,,,,,
2287,1761,,,,,
2287,15720,,,,,
2287,4745,,,,,
2287|1297,842,,,,,
2287|3486,2287,,3487,,,
2287|9495,,6178,,,,
23,,,,,,
23,141,,,,,
233,,,,,,
233,1562,,,,,
234,,,,,,
234|15069,,,1577,,,
2348|11,,4232,,,,
2349,1745,,,,,
2349,,,,,,
2349|2175,,,723,,,
2349|7718|7719,,,,,,
235,2582,,,1011,,
2352,,,,,,
2358,,,,,,
2358,2429,,,,,
2358|1196,,,,,,
2358|2357|2634|2429|4188,,,,,,
2358|2429|2357|8016,,,,,,
2361,,,,,,
24,,,,,,
240,,,,,,
241,1594,,,,,
2411|2251,,,,,,
2411|3935,,,,,,
2412,,,,,,
2412,6135,,,,,
2412|2177|625,,,,,,
2412|2219,,,,,,
2412|2229,,,,,,
2412|2234,,,,,,
2412|264,264,,,,,
2412|27,,,,,,
2412|273,,,,,,
2412|3235,,,,,,
2412|374,,,,,,
2412|4580,,,,,,
2412|5115,,,2997,,,
2412|6922,,,,,,
2412|694,,,,,,
2412|812,,,,,,
2412|847|1223,,,,,,
2412|9616,,,,,,
2416,,,,,,
2418|2419|2992,2418,,,,,
2429,,,,,,
2429,16035,,,,,
2429|1196,,,,,,
2429|2634|2622,,,,,,
2429|4188,,,,,,
243,243,,,,,
243,11084,,9332,,,
243,1194,,,,,
243,,,11070,,,
243,,,,,,
243,247,,3891,,,
243,1192,,,,,
2431,,,,,,
2445,2243,,,,,
2445|2446,,,14,,,
245,5078,,6214,,,
2451|2960,,,,,,
2452,2176,,11271,,,
2452,,,,,,
2452,2176,,12418,,,
2452,,,,,,
2452,14258,,,,,
2454,1587,,,,,
2457,689,,,,,
2458,575,,,,,
2458,951,,,,,
2458,2176,,,,,
2458,,,,,,
2458|11448,,,403,,,
2458|13536,,,,,,
2458|16160,,,,,,
2458|16162,,,,,,
2458|196,,,,,,
2458|2185,,,,,,
2458|2204,,,,,,
2458|2229,,,,,,
2458|2231,,,,,,
2458|2234,,,,,,
2458|2238,,,,,,
2458|2241,15862,,,,,
2458|2241,,,,,,
2458|2272,2236,,,,,
2458|2953,,,,,,
2458|3688,,,,,,
2458|643,,,,,,
2458|6707,,,,,,
2458|692,,,,,,
2458|7670,,,,,,
2458|8127,,,,,,
2458|868,,,,,,
2458|887,,,,,,
2458|998,,,,,,
246,10906,,,,,
246,1481,,,,,
246,9275,,,,,
246,8475,,,,,
2460,441,,,,,
2460,3240,,,,,
2462,998,,,,,
2462,2466,,,,,
2462,,10321,,,,
2465,1698,,,,,
2466,295,,,,,
2466,,,,,,
2466,2454,,,,,
2467,1566,,,,,
247,999,,,,,
247,886,,,,,
247,426,,,,,
247,247,,,,,
247,307,,,,,
247,407,,,,,
247,421,,,,,
247,812,,,,,
247,10018,,,,,
247,,,,,,
247,2873,,,,,
247,485,,,,,
247,13322,,,,,
247,1085,,,,,
247,1085,,,,,
247,10016,,,,,
248,898,,291,,,
2481,15057,,,,,
2481|14306,3191,,,,,
2481|14306,,,,,,
2481|15912,,,,,,
2481|1695,,,,,,
249,12279,,,,,
249,,,,,,
25,25,14436,,,,
25,,,,,,
25,2929,,,,,
250,,,,,,
2501,,2502,,,,
2506,82,,,,,
2506,3891,,,,,
254,14498,,,,,
2541,564,,,,,
2541,,,,,,
2541,,,56,,,
2541,1383,,,,,
2541,15838,,,,,
2541,732,,2175,,,
2541,14948,,,,,
2543,130,,,,,
255,781,,,,,
255,,,,,,
255,1201,,,,,
256,13996,,,,,
2582|2238,,,,,,
2591|2182|2246,,,,,,
2591|4592,,,,,,
26,1640,,16258,,,
260,,,,,,
2609,,,,,,
2609|2621,2609,,,,,
2609|4941,,,,,,
261,,,,,,
262,,,,,,
2622,,,,,,
2626|102,,,,,,
2626|1549,,,,,,
2626|212,,,,,,
2626|2257,,,,,,
2626|264,,,,,,
2626|2715,,,,,,
2626|5115,,,,,,
2626|5978,,,,,,
2626|792,,,,,,
2634,,,,,,
2634|2429,,,,,,
264,9117,,,,,
264,,,,,,
2657|2658,,,,,,
2659,1644,,,,,
2659,2287,3166,,,,
2659,,,,,,
266,274,,,,,
266,,,,,,
2664|2215,,,,,,
2664|457,,,,,,
2677,4668,,,,,
2677,2458,3166,,,,
2688,2287,,,,,
2688|11271|1404,,,,,,
2688|16290,,,,,,
2688|2689,,,,,,
2688|3713,10419,,,,,
2688|6860|11030,,,,,,
27,,,,,,
270,,,,,,
2707,,,,,,
271,196,,,,,
2714|2211,,,,,,
2718,141,,,,,
2719,1248,,,,,
2719,,,,,,
2722,,,,,,
2722,2779,,,,,
2722,1684,,,,,
2722|8579,,,,,,
2723,566,,,,,
2728|2729,,,,,,
273,,,,,,
2738|2251,,,,,,
274,11118,,,,,
274,1403,,,,,
274,10967,,1713,,,
274,4852,,,,,
274,431,,,,,
274,426,,,,,
274,310,,,,,
274,7812,,,,,
274,1626,,,,,
274,1194,,,,,
274,1194,,,,,
274,15117,,,,,
274,9026,,,,,
274,1616,,,,,
274,,,,,,
274,1005,,,,,
274,998,,,,,
274,,,,,,
274,247,,,,,
274,1442,,,,,
274,2233,,,,,
274,945,,,,,
274,7790,,,,,
274,7188,,,,,
274,497,,,5078,,
274,491,,,,,
274|13758,2722,,,,,
2753,914,,,,,
2765,395,,,,,
2779,683,,,,,
2779,,,,,,
2782,,,,,,
2784,,,,,,
279,289,,,,,
279,135,,,,,
279,,,4529,,,
280,4383,,,,,
280,,,,,,
2810,4431,,,,,
282,,,,,,
2821,462,2820,,,,
2833,795,,,,,
2833,135,,,,,
2838|558,,,,,,
284,2287,,,,,
2840|2841,4517,,,,,
2847|4533,,,,,,
285,531,,11081,,,
2855,1344,,2287,,,
2858,400,,,,,
286,,,,,,
286,1307,,,,,
287,127,,,277,,
2879,680,,,,,
2889|4585,,,2890,,,
2890|388,,,2889,,,
2892,4588,,,,,
29,,,360,,,
29,1343,,,,,
291,1377,,,,,
291,1739,,,,,
291,141,,,,,
2913,,,,,,
2917,571,,,,,
2917,359,,,,,
2918,134,,,,,
2919,456,,,,,
2919,1708,,,,,
2920,6550,,,,,
2920,58,,,,,
2923|2924,,,,,,
2925|2926,,,,,,
2929,141,,,,,
2929,196,,,,,
2929,,,,,,
2929,353,,,,,
2929,5767,,,,,
2958,9144,,,,,
2958,,,,,,
296,296,,,,,
2960,,,,,,
2960|2959|16661,,,,,,
2964,,,,,,
2964,6146,,,,,
297,297,,,297,,
297,1095,,,,,
297,116,,,,,
2971,5605,,,,,
2973,1496,,3508,,,
2973,564,,,,,
2976,5650,,,,,
2976,2243,,,,,
298,1413,,,,,
2997,,,,,,
2997,2688,,,,,
2997|12460|12461,,,2412,,,
2997|195,,,,,,
2997|2242,,,,,,
2997|2283,,,,,,
2997|2688,,,,,,
2997|2998,,,,,,
2997|5006,,,,,,
2997|979,,,,,,
2998,6610,,,,,
2998,7108,,,,,
3013,,,3014,,,
3014,,,3013,,,
3015,,,,,,
3021,,,,,,
3023,,,4636,,,
3025,,,,,,
303,,,1622,,,
305,1194,,,,,
3066,,,,,,
307,274,,,,,
307,,,,,,
3072,,,,,,
3073,,,,,,
3074,,,,,,
308,,,,,,
3081,1170,,1433,,,
3082,,,,,,
309,497,,,,,
309,578,,,,,
309,247,,,,,
3090,135,,,,,
3095,1593,,,,,
3095|6366,,,,,,
3107,,,,,,
3107,274,,,,,
3107,243,,,,,
311,1615,,,,,
313,,10932,,,,
314,1068,,,,,
314,2374,,,,,
3146,,,,,,
3149,,,,,,
315,,,,,,
316,,,,,,
3164,3164,,,,,
317,1194,,,,,
3170,1194,,,,,
3170,,,,,,
3170,56,,,,,
3170,274,,,,,
3173,,,,,,
3178,4076,,,,,
318,15419,,,,,
3191,3240,,,,,
3191,,,,,,
3191|15000,3191,,,,,
3191|15000,2176,,,,,
3191|1569,,,,,,
3191|2185|11392,,,,,,
3191|2187|6807,,,,,,
3191|2204,,,,,,
3191|3190|2214,,,,,,
3191|3345|3346,,,,,,
3191|6724|6717,,,,,,
3191|6724|792,,,,,,
3191|9242,,,,,,
32,,,,,,
32,1119,,,,,
32,1119,,,,,
32,196,,,,,
32,135,,,,,
32,134,,,,,
3202,63,,,,,
3207,3197,,,,,
3207,,,,,,
3207,,,8675,,,
321,333,,,,,
3235,5978,,,,,
3238,3237,,,,,
324,1292,,,,,
325,1095,,,,,
3258,736,,,,,
326,497,,,497,,
3262|6678,,,,,,
3264,264,,,,,
3264,,,,,,
3264|1196,,,,,,
3264|2243,,,,,,
3266|4874,,,,,,
327,,,,,,
327,326,,,,,
327,2462,,,,,
33,2211,,,,,
330,,,,,,
331,1265,,,,,
331,,,792,,,
3325,,,,,,
3336,,,,,,
3336|2181|2200|5115,,,,,,
3336|2206|3692,,,,,,
334,,,8060,,,
334,,,,,,
334,1457,,,,,
334,2929,,,,,
334,343,,657,,,
334,335,,,,,
334,335,,2173,,,
334,9319,,,,,
3341|3342,,,2997,,,
335,10846,,,,,
335,1611,,,,,
335,335,,,,,
335,335,,12482,,,
335,2778,5383,,,,
335,56,,,,,
335,10254,,,,,
335,22,,12394,,,
335,22,,12397,,,
335,1757,,,,,
335,,,,,,
335,,,15530,,,
335,1757,,,,,
335|6369,,,,,,
336,,,,,,
3367,47,,,,,
337,,,5856,,,
3375,804,,,,,
3375,3891,,,,,
338,56,5756,,,,
3380,5415,,1538,,,
3380,1762,,,,,
3380,797,,1020,,,
3382,20,,85,,,
3382,20,,85,,,
3383,141,,,,,
3383,85,,842,,,
3383,85,,842,,,
3383,85,,,847,,
3387,196,,20,,,
339,2257,,,,,
3390,2287,,3391,,,
3391,3390,,3390,,,
3391,1708,,,,,
3391,200,,1471,,,
3391,6688,,,,,
3391,124,,,,,
3391,1762,,,,,
3391,,,,,,
3391,1150,,,,,
3391,841,,,,,
340,568,6448,15464,,,
340,1128,,,,,
340,,,,,,
3403,,,,,,
341,754,,,,,
341,8222,,,,,
3412|15301,,,,,,
3412|3413|2257,,,,,,
3412|3413|699,,,,,,
341|834,,,,,,
3423|15584|810,,,,,,
3423|8022|8021,,,,,,
3434,2175,,,,,
3434|7920,,,,,,
3443,2233,,,,,
3453,,,1026,,,
346,,,,,,
3487,756,,,,,
3487,196,,,,,
35,269,,,,,
3508,141,,,,,
35|12508,,,,,,
35|1429,,,,,,
352,8744,,,,,
3522,1548,,,,,
3522,398,,,,,
3522,2287,,,,,
3525,739,,,,,
35|2997,,,,,,
3538,,,,,,
3541,1223,,,,,
3541,1708,,,248,,
3541,5477,,,,,
3541,,,,,,
356,15233,,,,,
356,2257,15387,,,,
356,,,,,,
356,1128,,,,,
356,356,,1638,,,
35|61,8232,,,,,
3569|3570|2452,,,,,,
35|7016,,,,,,
3570|604,,,,,,
3572,1307,,,,,
3574,462,,,,,
3578|3579,,,,,,
3582,212,,,,,
3582,1708,,,,,
3589,784,,,,,
3589,2462,,,,,
359,,,,,,
359,6429,,,,,
359,14992,,,,,
3590,212,,456,,,
3592,1597,,2175,,,
3592,390,,,,,
360,2287,,,,,
360,1612,,,,,
3603,1762,,20,,,
3604,20,,,,,
3613,129,,,,,
3621,20,,990,,,
3621,1248,,,,,
3638,804,,1119,,,
3649,3650,,,,,
365,7479,,,,,
3650,696,,,,,
366|2266,,,,,,
3670,,,,,,
3674,,,,,,
3681,14314,,,,,
3681,,,,,,
3689|3690,,,,,,
369,,,372,,,
3692,16583,,,,,
37,37,,,,,
3712,67,,,,,
3712,2173,,,,,
3712,2175,,,,,
3713,2253,,127,,,
3713|1077,,,,,,
3713|12006,,,,,,
3713|1380,,,,,,
3713|16299,,,,,,
3713|3714,,,,,,
3713|749,,,,,,
3714,,,,,,
3716,,,,,,
3716|3712,,,,,,
3724,,,,,,
3727|11858,,,,,,
373,485,,,,,
3731|1134,,,,,,
3732|11942,,,,,,
3732|2458,,,,,,
3734|1134,,,,,,
3734|2241,,,,,,
3738|2361,,,,,,
3738|3739,,,,,,
374,1377,,,,,
374,,,,,,
374,2736,,,,,
3742,,,,,,
375,1248,,,,,
375,839,,,,,
3758,196,,,,,
376,9510,,,,,
376,442,,,,,
3761,,,792,,,
378,,,11334,,,
379,1473,,,,,
380,,,,,,
383,,,,,,
385,176,2578,1019,,,
386,,,,,,
387,1628,,,,,
389,7929,11914,,,,
3891,4410,,,,,
3891,32,,,,,
3891,60,,,,,
3891,100,,,,,
3891,108,,,,,
3891,117,,,,,
3891,128,,,,,
3891,129,,,,,
3891,134,,,,,
3891,140,,,,,
3891,141,,,,,
3891,141,,,,,
3891,141,,,,,
3891,175,,,,,
3891,196,,,,,
3891,209,,,,,
3891,211,,,,,
3891,212,,,,,
3891,6826,,,,,
3891,4171,,,,,
3891,12312,,,,,
3891,247,,6040,,,
3891,247,,,,,
3891,6678,,,,,
3891,264,,,,,
3891,274,,,,,
3891,16424,,,,,
3891,8475,,,,,
3891,342,,,,,
3891,390,,,,,
3891,399,,16430,,,
3891,399,,,,,
3891,456,,11440,,,
3891,456,,,,,
3891,457,,,,,
3891,2287,,,,,
3891,4028,,,,,
3891,473,,,,,
3891,4004,,1698,,,
3891,4336,,,,,
3891,491,,,,,
3891,550,,,,,
3891,571,,35,,,
3891,576,,,,,
3891,578,,,,,
3891,10795,,,,,
3891,16123,,,,,
3891,604,,,,,
3891,609,,,,,
3891,624,,,,,
3891,644,,,,,
3891,687,,,,,
3891,696,,,,,
3891,2211,,,,,
3891,728,,,,,
3891,3202,,,,,
3891,774,,,,,
3891,784,,,,,
3891,792,,,,,
3891,14267,,,,,
3891,816,,,,,
3891,817,,,,,
3891,827,,,,,
3891,827,,,1126,,
3891,5675,,,,,
3891,5693,,,,,
3891,2458,,,,,
3891,4789,,,,,
3891,877,,,,,
3891,901,,,,,
3891,954,,,,,
3891,11986,,,,,
3891,15049,,,,,
3891,2582,,,,,
3891,12954,,,,,
3891,998,,,,,
3891,1083,,,,,
3891,1087,,,,,
3891,2241,,,,,
3891,1128,,,,,
3891,1129,,,,,
3891,2460,,,,,
3891,1183,,,,,
3891,1184,,,,,
3891,1194,,,,,
3891,1195,,,,,
3891,5364,,,,,
3891,1297,,,,,
3891,2779,,,,,
3891,1306,,,,,
3891,1307,,,,,
3891,1308,,,,,
3891,1373,,,,,
3891,4212,,,,,
3891,2677,,,,,
3891,2252,,,,,
3891,1387,,,,,
3891,1411,,,,,
3891,1476,,,,,
3891,1540,,,,,
3891,1551,,,,,
3891,2208,,,,,
3891,1576,,,,,
3891,1594,,,,,
3891,2917,,,,,
3891,1613,,,,,
3891,1652,,,,,
3891,3891,,,,,
3891,1708,,,,,
3891,1739,,,,,
3891,1757,,,,,
3891,14911,,,,,
3891,5325,,,,,
3891,5368,,,,,
3891,5532,,,,,
3891,11385,,,,,
3891,5639,,,,,
3891,4397,,,,,
3891,5615,,,,,
3891,14223,,,,,
3891,4737,,,,,
3891,4076,,,,,
3891,5678,,,,,
3891,5664,,,,,
3891,5662,,,,,
3891,4437,,,,,
3891,5329,,,,,
3891,4519,,,,,
3891,12998,,,,,
3891,4330,,,,,
3891,5000,,,,,
3891,6081,,,,,
3891,9596,,,,,
3891,4656,,,,,
3891,5840,5725,,,,
3891,4153,,,,,
3891,9007,,,,,
3891,4863,,,,,
3891,5626,,,,,
3891,4654,,,,,
3891,,,10407,,,
3891,,,395,,,
3891,,,6891,,,
3891,,,827,,,
3891,,,9881,,,
3891,,,3956,,,
3891|16428,,,1404,,,
3891|2204,3891,,,,,
3891|2241|4579,,,,,,
390,11701,,,,,
390,3948,,,,,
390,140,,,,,
390,196,,685,,,
390,11408,,,,,
390,1391,,,,,
390,1150,,,,,
390,1126,,,,,
390,2929,,,,,
390,390,,,,,
390,2176,,,,,
390,5611,,,,,
390,1068,,,,,
390,4336,,,,,
390,16111,,,,,
390,877,,,,,
390,778,,,,,
390,,,,,,
390,,,,,,
391,,,,,,
3913,3949,,,,,
3925,1625,,,,,
3935,,,,,,
3935,,,12766,,,
3940,,,,,,
3942,,,,,,
3944,,,,,,
3946,1468,,,,,
3947,3902,,,,,
395,,,,,,
3950,135,,,,,
3951,7267,,,,,
3951,5047,,,,,
3951,247,,,,,
3951,3952,,,,,
3951,,,,,,
3951,643,,,,,
3954,,,,,,
3957,,,,,,
3960|1529,,,,,,
397,106,,,,,
399,2176,,,,,
399,274,,,,,
399,,,,,,
399,4076,2297,,,,
399,1067,,,,,
399,1616,,,,,
40,1372,,,,,
40,1702,,,,,
400,4216,,,,,
400,792,,,,,
4004,399,,,,,
4004,2465,,,,,
4019,,,,,,
4026,,,,,,
403,,,2458,,,
404,1404,,,,,
405,10314,,,,,
4076,2207,,,,,
4076,1371,,,,,
4079,,,247,,,
408,998,,,,,
4082,,,,,,
4088,181,,,,,
4095,,,,,,
4095,4096,,,,,
4098,4099,,,,,
4104,4105,,,,,
411,,,,,,
4112,228,,,,,
4112,,,,,,
4115,4116,,,,,
4125,1151,,,,,
4128,4129,,,,,
4128,689,,968,,,
4136,4137,,,,,
4139,,,,,,
4148,,,,,,
4150,,,,,,
4150,4151,,,,,
4150,1150,,,,,
4157,4158,,,,,
4160,4158,,,,,
4181,,,,,,
42,,,,,,
420,2835,,,,,
4206,,,,,,
421,4852,,,,,
4213,4214,,,,,
4213,,,,,,
4213,1329,,,,,
4218,,,,,,
422,497,,11088,,,
4220,,,,,,
4222,,,,,,
4222,4786,,,,,
423,307,,,,,
423,1085,,,,,
423,310,7779,,,,
4237,4238,,,,,
4243,,,,,,
427,485,,,,,
4274,4387,,,,,
4282,846,,,,,
4287,896,,,,,
429,,,,,,
43,1646,,,,,
4314,4315,,,,,
4322,,,,,,
4324,214,,,,,
4324,390,,,,,
4324,97,,,,,
4326,,,,,,
4328,4274,,,,,
4328,796,,,,,
433,15669,,,,,
433,2591,,,,,
433,2287,,,,,
4332,,,,,,
4334,,,,,,
4336,,,,,,
4338,,,,,,
4340,,,,,,
4346,,4347,,,,
435,456,,,,,
435,,,,,,
4358,4359,,,,,
4362,,,,,,
4364,4365,,,,,
437,13131,,,,,
4370,4371,,,,,
4377,,,1373,,,
438,1697,4232,,,,
4383,,,,,,
4389,4390,,,,,
4390,1128,,,,,
4394,,,,,,
4399,456,,,,,
4399,2241,,,,,
4399,3191,,,,,
4399,13284,,,,,
4399,13263,,,,,
4399,565,,,,,
4399,497,,,,,
4399,4336,,,,,
4399,247,,,,,
4399,,,,,,
4399,5392,,5393,,,
4399|13302,,13303,,,,
4399|2215,,,2188,,,
4399|908,,,,,,
4413|4417|4421,,,,,,
4414,4415,,,,,
4417|1594,,,,,,
4418,4419,,,,,
442,6761,,,,,
442,,,,,,
4423|4417|2262,,,,,,
4423|4777|4778,,,,,,
4424,1318,,,,,
4427,,,1318,,,
443,310,,,,,
4433,4441,,,,,
4437,3724,,,,,
4437,13279,,,,,
4437,816,,,,,
4437,2833,,,,,
4437,2272,,,,,
4437,2452,,,,,
4437,9003,,,,,
4437,2454,,,,,
4437,13255,,,,,
4437,1222,,,,,
4437,11411,,,,,
4437,998,,,,,
4437,234,,,,,
4437,13257,,,,,
4437,335,,,,,
4437,12958,,,,,
4437,15449,,,,,
4437,4438,,,,,
4437,1377,,,,,
4437,10679,,,,,
4437,10603,,,,,
4437,4437,,,,,
4437,,,3951,,,
4437,1540,,,,,
4437,,,,,,
4437,,2825,,,,
4437|2176,,,,,,
4437|2664|3013,,,,,,
4437|374,,,,,,
4437|7022,,,,,,
4437|7152,,,,,,
4437|825,,,,,,
4441,15834,,,,,
4445,,,,,,
4456,4457,,,,,
4459,274,,,,,
446,350,,,,,
4466,456,,,,,
4471,683,2823,,,,
4479,4480,,,,,
448,,,1699,,,
4482,1123,,,,,
4485,4486,,,,,
4489,4490,,,,,
449,4375,,,,,
449,141,,,,,
449,3191,,,,,
449,909,,,,,
449,473,,,,,
449,4274,,,,,
449,2189,,,,,
449,,,,,,
449,3891,,,,,
449,12225,,,,,
4490,4437,,,,,
4494,4437,,,,,
4496,4437,,,,,
4499,4500,,,,,
45,,,,,,
450,,,,,,
450,2779,,,,,
451,13485,,,,,
451,16226,,,,,
4510,4511,,,,,
4517,825,,,,,
452,435,,,,,
4521,4522,,,,,
4524,4525,,4526,,,
4526,1151,,,,,
4531,,,,,,
4544,4545,,,,,
455,,,,,,
455,4759,,2229,,,
4554,1344,,,,,
4559,12336,,,,,
4559|2287,4150,,,,,
456,16615,,,,,
456,72,,,,,
456,125,,,,,
456,141,,,,,
456,456,,,,,
456,11242,,,,,
456,2176,,,,,
456,1119,,,,,
456,1196,,,,,
456,2719,,,,,
456,1383,,,,,
456,4375,,,,,
456,,,,,,
456,1761,,3589,,,
456,4460,,,,,
456,,13087,,,,
4562,,,,,,
4565,1066,,,,,
4567,2173,,1414,,,
457,11408,,,,,
457,16605,,,,,
457,,,,,,
4575|4577,2882,,,,,
4580,4580,,,,,
4580,449,,,,,
4588|2211,,,558,,,
459,12183,,,,,
4594,619,,,,,
4594|4595,,,,,,
4599,,,,,,
46,581,,,,,
4601,274,,,,,
4601,10509,,,,,
4601,2953,,,,,
4601,,,,,,
4608,4290,,,,,
4608,7929,,,,,
4608,1364,,,,,
4608,114,,,,,
4608,,,,,,
4608,990,,,,,
4608,4609,,,,,
4608,243,,,,,
4608,1122,,,,,
4608,2179,,,,,
461,461,,,,,
4612,,,,,,
4614,,,,,,
4616|4617,,,,,,
4619|4620|4621,4413,,,,,
462,804,,,,,
462,449,,,,,
4623,,,,,,
4625,,,,,,
4628,,,,,,
4638,,,,,,
4645,,,,,,
4648,,,,,,
465,1092,,,,,
465,1108,,2287,,,
465,14531,,,,,
4650,,,,,,
4658,,,,,,
466,8029,,,,,
4660|4661,,,,,,
4661,,,,,,
4664,,,,,,
4666,,,,,,
4672,2257,,,,,
4672,264,,,,,
4678,,,,,,
4680,,,,,,
4682,,,,,,
469,1609,,,,,
469,792,,,,,
469,683,,,,,
469,,,,,,
4699,,,,,,
470,1640,,,,,
470,1648,,,,,
4707|2188|610,639,,,,,
4712,,,,,,
472,,,,,,
4725,4726,,,,,
473,463,,,,,
473,2287,,,,,
473,473,,,,,
473,792,,,,,
473,4278,,,,,
473,15825,,,,,
473,4715,,,,,
473,15248,,,,,
473,,,,,,
473,1456,,,,,
473|2716,,,,,,
4747,,,,,,
476,7250,,,,,
476,19,,,,,
4762,4763,,,,,
4765,,,,,,
4773,4774,,,4775,,
4773|4774,,,,,,
4774,,,,,,
4775|13609,,,,,,
4781,,,,,,
4783|3423,,,,,,
4783|6961,,,,,,
4783|6961,,,,,,
480,,,,,,
4807,4095,,,,,
4811,1559,,,,,
4811,274,,,,,
4819,,,,,,
4821,,,,,,
485,479,,,,,
485,1000,,,,,
485,1085,,,,,
485,1192,3166,,,,
485,1661,,,,,
485,233,,,,,
485,10063,,,,,
485,,,,,,
485,274,,,,,
485,9815,,,,,
485,7223,,,812,,
485,7188,,,,,
485,792,,,,,
4852,,,,,,
4852,274,,,,,
485|2626,1194,,,,,
4859,,,,,,
4861,,,,,,
4862,,,,,,
4867,7975,,2189,,,
4868,,,,,,
487,487,,,,,
487,274,,,,,
487,998,,,,,
4871,247,,,,,
4871,12793,,,,,
4872,,,,,,
4876,,,,,,
488,247,,,,,
4899,4901,,,,,
4901,1636,,,,,
4902,4903,,,,,
493,,,,,,
494,,,,,,
495,,,,,,
4956,792,,,,,
4965,784,,,,,
4965,,,1285,,,
497,7847,,,,,
497,825,,,,,
497,380,,,,,
497,246,,,,,
497,,,4375,,,
497,1085,,,,,
497,1194,,,,,
497,7823,,,,,
497,274,,,,,
497|1661,,,,,,
4979,4981,,,,,
4986,2173,3356,,,,
499,2287,,,,,
4996,1761,,1248,,,
4998,,,,,,
50,4270,,,,,
5002,,,,,,
5008,1494,,,,,
501,,,,,,
5014,847,,,,,
5018,4028,,,,,
50|4204,,,,,,
5047,,,,,,
5049|5050,,,,,,
5050|810,,,,,,
5056,5057,,,,,
506,,,,,,
507,2454,,,,,
507,868,,,,,
507|10080,,,,,,
5078,2454,,,,,
5078,1345,,,,,
5078,485,,1404,,,
5078,,,,,,
5078,377,,,,,
5084,1236,,,,,
509,,,,,,
510,,,,,,
5115,,,,,,
512,1374,,,,,
513,,,,,,
515,683,,,,,
519,310,,,816,,
519,310,,,,,
5201|1466,,,,,,
522,,,,,,
524,1194,,,,,
524,2233,,,,,
524|603,,,,,,
526,8222,,,,,
527,1720,,,,,
53,2287,,,,,
5302,,,,,,
5304,1248,,,,,
531,7771,,,,,
532,7796,,,,,
532,274,,,,,
532,7790,,,,,
532,423,,,,,
532,497,7819,,,,
532,532,,,,,
532,1194,,,,,
5323,,,,,,
533,2458,,,,,
5340,1301,,,,,
5342,,,,,,
5354,196,,,,,
5364,1299,,,,,
5364,,,,,,
5364,846,,,,,
5368,,,,,,
5368,784,,,,,
5368,4580,,,,,
5368,2454,,,,,
5368,274,,,,,
5368|7022,,,,,,
537,3891,,,,,
538,,,,,,
539,196,,,,,
5393,2287,,,,,
5396,,,,,,
5396,606,,,,,
5396|1740,,,,,,
540,226,,,,,
5401,1360,,,,,
5404,196,,,,,
5415,966,,,,,
5415,728,,,,,
5418,2287,,73,5415,,
542,,,,,,
5425,1702,,,,,
543,1500,,,,,
5440,1762,,,,,
5444,,,,,,
5444,212,,,,,
545,436,,,,,
547,546,,,,,
5475,3375,,3541,,,
548,,,,,,
5480,,,685,,,
5496,1373,,,,,
55,,,,,,
55,1169,,,,,
5501,,,,,,
5509,5510,,1237,,,
5526,319,5527,,,,
553,5856,,,,,
554,,,,,,
556,,,,,,
558,,,,,,
558,21,,5731,,,
5582,,,,,,
5592,141,,,,,
5595,141,,,,,
5598,784,,,,,
56,,2007,,,,
56,438,,,,,
56,212,,,,,
56,168,,,,,
56,56,,,,,
56,15366,,,56,,
56,842,,,,,
56,2688,,,,,
56,1403,,,,,
56,10906,,,,,
56,1453,,,,,
56,1593,,,,,
56,1611,,,,,
56,462,,,,,
56,1725,,,,,
56,,,,,,
56,,,,,,
56,476,,2541,,,
56,683,,,,,
56,792,,,,,
560,1101,,,,,
5600,2287,,,,,
5600,12956,,,,,
5600,,,,,,
5607,,,,,,
5607,3891,,,,,
5609,3891,,,,,
561,667,,,,,
561,,5756,,,,
5611,3891,,,,,
5619,5620,,,,,
5620,5609,,,,,
5626,907,,,,,
5629,5630,,,,,
562|9623,,,1678,,,
564,10080,,,,,
5641,794,,,,,
565,1196,,,,,
565,6841,13951,,,,
5652,,,,,,
5655,,,,,,
566,,,,,,
5664,9079,,,,,
5666,,,,,,
5668,,,,,,
567,100,,,,,
5670,,,,,,
56|7167,,,,,,
5672,,,,,,
568,568,,,,,
568,1408,,,,,
5687,,,,,,
569,101,,,,,
569,7167,,,,,
569,841,,1549,1124,,
569,298,,,,,
569,12480,,212,,,
569,,,3891,,,
5690,5691,,,,,
570,1184,,,,,
570,,,,,,
571,,,,,,
571,774,,,,,
5714,,,,,,
5718,1471,,,,,
5720,,,,,,
5723,804,,,,,
5733,5734,,3525,,,
574,,,,,,
577,1124,8058,,,,
5777,5779,,,,,
5781,1657,,,,,
5781,7840,,,,,
5789,,,,,,
5791,,,,,,
5793,5794,,784,,,
580,,,6945,,,
5801,,,,,,
5801,243,,,,,
5803,462,,,,,
5807,196,,,,,
5813,,,,,,
5819,5819,,,,,
5822,5823,,,,,
583,1743,,,,,
5831,4290,,1117,,,
584,,,,,,
5840,2287,,,,,
5843,,,,,,
5846,20,,1248,141,,
585,1195,,,,,
5856,1132,,,,,
5856,196,,,,,
586,9277,,246,,,
586,2466,,,,,
586,1661,,,,,
5887,,,,,,
5889,,,,,,
591,591,,,,,
59|1373,,,,,,
5916,,,,,,
5916,,,,,,
5916,6426,,,,,
5916,,,,,,
592,392,,,,,
592,961,,,,,
5935,,,,,,
5938,,,,,,
5938,2241,,,,,
5938|13462,,,,,,
5938|5939,,,,,,
5943|2211|16662|11501,,,,,,
5943|4774|5944,,,,,,
5947,984,,248,,,
595,1266,,,,,
5955,990,,1119,,,
596,1258,,,,,
5964,456,,,,,
597,76,,,,,
5974,,,,,,
5978,,,,,,
5978,,,,,,
5978,5978,,,,,
5978,816,,,,,
600,,,,,,
6001,1248,,1708,,,
6008,,,,,,
6012,,,,,,
6015,,,,,,
6019,1011,,133,,,
6019,,,,,,
6024|2270,,,,,,
6028,,,,,,
603,1196,,,,,
6033,,,,,,
604,100,,,,,
6040,6042,,,,,
6054|2215,,,,,,
607,1150,,,,,
6078,6079,,,,,
608,1655,,,,,
6087,,,,,,
6095,1307,,,,,
6097,,,,,,
6097,11411,,,,,
6097,1195,10652,,,,
6097,1341,,,,,
6097|7152,,,,,,
6106,,,,,,
6117,,,,,,
613,2237,2617,924,,,
613,,,,,,
6132,,,,,,
6135|2196|3107,,,,,,
6137|6138,,,,,,
6140|2271,6137,,,,,
6145,3443,,,,,
6145|6146,,,,,,
6146,,,,,,
615,564,,,,,
6156,4336,,,,,
6156,6156,,,,,
6156,,,,,,
6156,335,,,,,
616,1761,,,,,
6165|6166,,,,,,
6177,1540,6178,,,,
619,1319,,,,,
62,,,,,,
620,,,,,,
6207,417,2022,,,,
6211,6429,,,,,
6211,696,,,,,
6237,,,,,,
6237|2412|1064,,,,,,
624,12166,,,,,
6240,,,,,,
625,,,,,,
625,1355,,,,,
625,,,,,,
626,1119,,,,,
627,1117,,,,,
6271,,,,,,
631,,,,,,
633,792,,,,,
633,236,,,,,
6339,224,,,,,
6355,2196,,,,,
6359|2241,,,,,,
636,23,,,,,
6361,,,,,,
6364|569,,,,,,
6373,2212,,,,,
6373,135,15409,,,,
6376,,,,,,
64,,,,,,
640,,,,,,
6402,1112,,,,,
641|11199,,,,,,
641|6717,,,,,,
641|6717,212,,,,,
6417,3891,5756,,,,
643,570,,,,,
643,,,,,,
644,,,,,,
6457,,,,,,
646,,,1015,,,
646,,,,,,
6465|6466,,,,,,
647,15372,,,,,
6475,1085,,,,,
6477,,,,,,
6481|2196|2460,,,,,,
6489,,,,,,
649,649,,,,,
6498,5078,,,,,
65,390,,,,,
6501|2188|3149,,,,,,
6506,,,10351,,,
6506,,,,,,
6506,212,,,,,
6506|11034,,,,,,
6506|12695,,,2176,,,
6506|13515,,,,,,
6506|13795,,,,,,
6506|195,,,,,,
6524|335,,,,,,
653,804,,,,,
654,8006,,,,,
654,11118,,,,,
6540,,,,,,
6544,2659,,,,,
6550|1162,,,,,,
6550|2173,,,,,,
6550|3443,,,,,,
6555,,,,,,
657,137,5725,,,,
658,,,,,,
6591,326,,,,,
6591|2241,,,,,,
6597,233,,,,,
6597,7867,,,,,
6597,1085,,,,,
6597,,,,,,
6597,,,,,,
6610,,,12919,,,
6610,12100,,,,,
6610,5801,,,,,
6610,6610,,,,,
6610,26,,,,,
6610,,,,,,
6614,,,,,,
6622,,,,,,
663,1353,,,,,
663,16664,,,,,
6635,437,,,,,
6640,1065,,,,,
6643|6644,,,,,,
665,1050,,,,,
6667,,,,,,
667,4112,,,,,
667,561,,,,,
6677|12036,,,,,,
6677|2241,,,,,,
6677|6678,,,,,,
6688,,,,,,
6688,,,,,,
6688,318,4232,15239,,,
6688,14507,,,,,
6688,13883,,,,,
6694,,,,,,
67,135,,,,,
670,,,,,,
671,456,,,,,
6717,,,,,,
6724|2265,,,,,,
673,,,,,,
6734,5078,,,,,
674,14407,,,,,
674,,,298,,,
674,,,4112,,,
6743,2177,,,,,
6761,246,,,,,
6761,,,,,,
6761|7007,,,,,,
677,2287,,,,,
6774,1508,,,,,
6789,,,,,,
6789,449,,,,,
6794,,,,,,
6804,,,,,,
681,,,,,,
682,1150,,,,,
6820|6821,,,,,,
6825,6827,,,,,
683,683,,,683,,
683,1762,15519,,,,
683,1616,,,,,
683,56,,,,,
683,,,,,,
683,2173,,,,,
683,171,,,11628,,
683,2269,,,,,
683,683,,,,,
683,1404,,,,,
683,10379,,,,,
683,782,,,,,
683,4324,,,,,
683|1548,,,,,,
684,,,,,,
685,6841,,,,,
685,842,,,,,
685,1739,,,,,
6860|6861,,,,,,
6863|2452,,,,,,
6867,3760,,,,,
6867|2229,,,35,,,
6867|7,,,,,,
6868|6237,,,,,,
6868|6475,,,,,,
687,1047,5374,,,,
688,3913,,,,,
688,12111,,,,,
6880,,,502,,,
689,1133,,,,,
689,141,,,,,
689,1417,2319,,,,
689,449,,,,,
6891,3235,,,,,
6891,,,,,,
6891|1249,,,,,,
6894,,,,,,
6896,,,,,,
6899,,,,,,
69,,,,,,
6903,,,6906,,,
6928,,6907,,,,
6940,,,,,,
6945,301,,,,,
695,3891,,,,,
696,1471,,,,,
696,,,,,,
696,1066,,,,,
696,696,,,,,
697,140,,,,,
6986,2195,,,,,
6986,12166,,,,,
6986,,,,,,
6986,841,,,,,
6986,743,,,,,
6986,5364,,,,,
6986,570,,,,,
6986,9895,,,,,
6986,15091,,,,,
6991|10419|3690,,,,,,
6991|6992,,,,,,
6999,,,,,,
70,5856,,,,,
70,15789,,,,,
7003,,,,,,
7007,1476,,,,,
7007,,,,,,
7012,,,,,,
7029,409,,,,,
704,803,,,,,
7042|1616,,,,,,
706,1627,,,,,
7091,611,,,,,
7091,,,,,,
7091,,,2213,,,
7091|979,,,,,,
7098,,,,,,
71,15787,,,,,
7102,,,,,,
713,,,,,,
7132,,,,,,
714,246,,,,,
715,,,,,,
7158,,,,,,
716,2460,,,,,
7165,,,,,,
718,1119,,,,,
7186,7186,,,,,
7186,9751,,,,,
7186,9123,,,,,
7188,247,,,,,
7188,497,,,,,
7188,1194,,,,,
7188,4852,,,,,
7188,7849,,,,,
719,11639,,,,,
7197,7436,,,,,
7197,,,,,,
7197,247,,,,,
7202,,,,,,
7206,,,,,,
7208,274,,,,,
7218,2960,,,,,
7223,1194,,,,,
7223,999,,,,,
7225,,,,,,
7228,451,,,,,
723,,,2349,,,
7230,,,,,,
7238,,,,,,
725,532,,,,,
7254,,,,,,
726,,,,,,
7263,,,,,,
7263,2257,,,,,
7263|9219,,,,,,
7265,,,,,,
727,181,3008,,,,
727,,1789,,,,
727,79,,,,,
727,79,,,,,
727,1576,,,,,
728,123,,,,,
728,4608,,,,,
728|1626,,,,,,
7287,,,,,,
729,1383,,456,769,,
729,,,,,,
73,1702,,,,,
7300,1119,,,,,
7305,,,,,,
732,,,,,,
732,1085,,,,,
732,11037,,,,,
732,341,,,,,
733,318,,,,,
7330,390,,,,,
7335,,,,,,
734,,,,,,
735,,,,,,
7353,243,,,,,
7356,,,,,,
7374,2243,,,,,
738,,,,,,
7380,,,,,,
7394,243,,,,,
74,1098,,,,,
740,,,,,,
7411,,,,,,
7416,7416,,,,,
742,,,6434,,,
7427|1194,,,,,,
743,1373,,,,,
743,794,5725,339,,,
7434,233,,,,,
7436,15168,,,,,
7436,,,,,,
7438,,,,,,
7445,581,,,,,
7445,1194,,,,,
7445,399,,,,,
7453,7454,,,,,
7477,,,,,,
7479,11063,,,,,
7479,8006,,,,,
7479,,,,,,
748,1762,,,,,
7488|1666,,,,,,
75,,,1761,,,
7507,,,,,,
7516,7517,,,,,
7520,243,,,,,
753,2873,,,,,
7536,883,,,,,
754,,,,,,
7546|7548,,,,,,
755,755,3356,,,,
755,153,,,,,
756,968,,,196,,
756,2287,,,,,
756,756,,,,,
7566|2953,,,,,,
7575,247,,,,,
7582,,,,,,
7586,,,,,,
760,1546,,,,,
7608,285,,,,,
761,1179,,,,,
7611,2873,,,,,
7631|7632,,,,,,
7638,,,,,,
764,181,,,,,
7641,,,,,,
7654,13011,,,,,
766,764,,,,,
766,15696,,,,,
7660|7661,,,,,,
767,767,,,,,
7676|2257,,,9299,,,
7676|3476,,,,,,
7676|7677,,,,,,
7676|8093,,,,,,
7679,,,,,,
7681,,,,,,
769,456,,,,,
7702|1263,,,,,,
7711|7713|7714,,,,,,
7718|13618,,,,,,
772,836,,,,,
772,15598,,,,,
772,1018,,,,,
773,135,,,,,
7731,2238,,,,,
7734,2196,,,,,
774,1760,,,,,
774,461,,,,,
774,1168,,,,,
774,1010,,,,,
774,1580,,,,,
7744,274,,,,,
7744,532,,,,,
7744,1194,,,,,
7744|7851,598,,,,,
775,1132,,,,,
775,12262,,,,,
775,1267,,512,,,
775,1762,,,,,
7755,1194,,,,,
7762,1194,,,,,
7762,,,,,,
7767,,,,,,
7769,264,,,,,
7769,7769,,,,,
777,827,,,,,
7785,1194,,,,,
779,,,,,,
779,2287,,,,,
7790,1596,,,,,
78,12206,,,,,
78,622,,,,,
780,,,,,,
780|11725,,,,,,
781,3891,,,,,
781,56,,,,,
781,,,,,,
7810,532,,,,,
7816,274,,,,,
7827|684,,,,,,
783,,,,,,
784,1248,,,,,
784,571,,,,,
784,20,,,,,
784,878,,3522,,,
784,318,,,,,
784,748,,,,,
784,784,,,,,
784,842,,,,,
7844,1442,,,,,
7847,477,,,,,
785,209,,,,,
7862,,,,,,
7865,4336,,,,,
7865,274,,,,,
788,15051,,,,,
7881,948,,,,,
789,104,,120,,,
789,200,,,,,
7893,7881,,,,,
7898,135,,,,,
790,59,,,,,
790,6211,,,,,
7908|2257,7909,,,,,
791,16121,,,,,
791,4131,,,,,
791,,,2176,,,
791,,,747,,,
791,1196,,,,,
791,246,,,,,
791,,,,,,
791,4350,,,,,
791,1047,,,,,
791,487,,,,,
792,56,,,,,
792,39,,,,,
792,1366,,,,,
792,485,,,1475,,
792,577,,,,,
792,141,,,,,
792,732,,,,,
792,,,,,,
792,1616,,,,,
792,1529,,,,,
792,2720,,,,,
792,1329,,,,,
792,1297,,,,,
792,140,,,,,
792,135,,,,,
792,827,,,,,
792,65,,,,,
792|7956,,,,,,
793,612,,,,,
793,1179,,,,,
793,3891,1789,,,,
7931,,,,,,
7931,,15163,,,,
7931|15207|15208,,,,,,
7931|68|7932,,,,,,
7934,,,,,,
7937,,,,,,
794,402,,3592,,,
794,2287,,,,,
794,794,,,,,
794,7505,,,,,
7941,,,,,,
7941|1643,9068,,,,,
7941|8093,,,,,,
7943,,,,,,
7956|13821,,,,,,
796,,,,,,
796,392,,,,,
796,7929,11914,,,,
796,4594,,,,,
796,389,,,,,
796,2204,,,,,
796,212,,,,,
7965,,7966,,,,
7968,,,,,,
797,5997,,,,,
7975,7976,,,,,
799,2175,,,,,
7990,247,,141,,,
8,1705,,,,,
800,838,,,,,
8006,,,,,,
8016,,,,,,
8018,,,,,,
8020,,,,,,
803,,,,,,
804,,5347,,,,
804,1663,,,,,
804,784,,,,,
804,757,,,,,
8060,,,334,,,
8060|8061,,,,,,
809,213,5388,,,,
8091|3149|2658,,,,,,
810,15142,,,,,
8101,8103,,8104,998,,
8104,998,,8101,8105,,
811,,,,,,
812,1134,,,,,
812,8202,,,,,
812,3891,,,,,
812,,,,,,
813,435,,,,,
8137|11201|3935,,,,,,
8137|12503|12504,1546,,12501,,,
8137|12529,,,2196,,,
8137|12548,2196,,,,,
8137|13930,,,2173,,,
8137|13986,,,13983,,,
8137|558,2196,,,,,
8137|8139,,,,,,
816,247,,,,,
816,449,,,,,
816,2219,,,,,
816,1196,16052,,,,
816,,,,,,
816,10906,,,,,
8164,,,,,,
817,,,,,,
8175,,,,,,
8183,1476,16551,,,,
8183,,,16347,,,
8183,280,,,,,
819,1646,,,,,
819,1354,,,,,
8196,842,,,,,
8199,8200,,,,,
820,464,3886,,,,
8206,141,,,,,
8221,8222,,,,,
8222,5078,,,,,
8222,7611,,,,,
8222|3235,,,,,,
8232,10325,,,,,
8232,486,,,,,
8232,,,,,,
824,1374,,,,,
825,728,,,,,
825,,,,,,
825,8232,,,,,
825|10829,,,,,,
825|11005,,,,,,
825|9853,,,,,,
826,,,,,,
826,1222,,,,,
827,14915,,,,,
827,1126,,,,,
827,836,,,,,
8276,,,,,,
8278,14957,,,,,
828,,,1580,,,
8283,831,,,,,
829|10085,,,,,,
83,567,,,,,
831,274,,,,,
831,1310,,,,,
8315,,,,,,
832,1300,,,,,
8322,23,,,,,
833,,,,,,
8361,90,,,,,
839,839,,,,,
839,,,,,,
839,196,,,,,
8394,,,,,,
84,1640,,,,,
84,473,,,,,
84,792,,,,,
84,1655,,,,,
840,792,,,,,
840,20,,,,,
8401,747,,,,,
841,2287,,,,,
841,9979,,,,,
841,1762,8679,,,,
842,5538,,,,,
842,2287,,,,,
842,3384,,,,,
842,474,,,,,
842,842,,,,,
842,1222,,,,,
842,1374,,,,,
842,1757,,,,,
842,20,,,,,
842,129,,,,,
842,,,,,,
843|7394,,,,,,
846,13139,,,,,
846,2287,,,,,
8462|2659,,,,,,
8462|443,,,,,,
8462|485,,,,,,
8466,714,8468,,,,
8475,1747,,,,,
8478,,,,,,
8488,8489,,,,,
8492,,,,,,
85,5805,,,,,
85,,,,,,
85,1248,,,,,
85,1248,,3382,,,
85,784,,,,,
85,32,,,,,
85,20,,3391,,,
850,212,,,,,
850,,,,,,
8526,274,,,,,
854,2371,,,,,
855,10276,,,,,
8562,,,,,,
858,858,,,,,
8583,1043,,,,,
859,182,,,,,
8590,,,,,,
8593,,,,,,
8598,274,,,,,
8601,,,,,,
862,,4797,,,,
862,,,,,,
8627,1763,,,,,
863,1709,,1030,,,
8647,8648,,,,,
865,549,,,,,
8655,,,,,,
866,,,,,,
867,5514,,2287,,,
868,,,,,,
8691|8692,,,,,,
87,,,,,,
8706|2243,,,,,,
870|675,,,,,,
871,619,,,,,
8712,530,,,,,
8728,8728,,,,,
8728,14038,,,,,
8735,,,,,,
8746,,,,,,
875,,,,,,
8764|8765,,,,,,
8767|8768,,,,,,
877,4383,,,,,
877,,,,,,
877,359,,,,,
8782,471,,,,,
8793,1062,,,,,
8802,60,,,,,
8813,265,,,,,
882,,,,,,
8838,396,,,,,
884,,,,,,
884,8060,,,,,
887,,,,,,
8882,,,,,,
8890,,,1169,,,
89,49,,,,,
8902|8903,,,,,,
891,624,,393,,,
892,1011,,,,,
892,,,,,,
8925|8926,,,,,,
8928|209,,,,,,
8928|212,,,,,,
8931|1299,,,,,,
8941|2251,,,,,,
8946,,8947,,,,
895,1095,,,,,
895,1539,,,,,
8959|796,,,,,,
8965,14213,,,,,
8965,,,,,,
897,1151,,3383,,,
898,729,5316,,,,
8985,,,,,,
8990,,,,,,
8990|8959,,,,,,
8999,565,,,,,
90,762,5313,,,,
900,853,,,,,
9001,1569,,,,,
9015,,,8060,,,
9017,,,,,,
9019,,,,,,
902,660,,,,,
9021,,,,,,
9025,9026,,,,,
9026,,,,,,
9026,56,,,,,
9026,10786,,,,,
9026,9393,,,,,
9028,2229,,,,,
9028,10906,,,,,
9028,5368,,,,,
903,,,,,,
904,,,,,,
9055,629,,,,,
906,896,,,,,
906,1656,6201,,,,
9064,,,,,,
907,12347,,,,,
907,196,,,,,
9083,3724,,,,,
9089,5607,,,,,
909,12192,,,,,
909,909,,,,,
9104,9105,,,,,
9108,9109,,,,,
911,,,,,,
9119|9064|9120,,,,,,
912,,,1476,,,
9123,,,14092,,,
9133,,,212,,,
9135,,,,,,
9138,,,,,,
9144,,,,,,
9144,,,124,,,
9148,9149,,,,,
915,,,,,,
916,,,,,,
9161,1442,,,,,
919,,,,,,
9208,,,,,,
9210,,,,,,
9219|11253,,,,,,
9219|9220,,,,,,
922,,,,,,
9235,,,,,,
924,,,613,,,
9242,,,,,,
9258,,,,,,
927,8194,,,,,
928,3955,2401,,,,
929,243,,,,,
9299|12403,,,2261,,,
93,1252,,,,,
9309,,,161,,,
932,56,,,,,
932,,,,,,
9332,5078,,,,,
9332,1194,,,,,
9332,,,,,,
9332,274,,,,,
935,2173,,,,,
936,,,,,,
9362,5444,,,,,
9362,5444,,,,,
937,937,,,,,
9388,,,,,,
939,247,,,,,
9390,1255,,,,,
9393,9117,,,,,
940,274,,,,,
9411|2176,,,,,,
942,,,,,,
943,,,,,,
9430|2229,,,,,,
9447,2287,,1772,,,
9479,,,,,,
950,,,,,,
9|503,,,,,,
9506,,,,,,
9512,,,,,,
9516,2873,,,,,
9524|9525,,,,,,
9528,9528,,,7033,,
9528,13765,,,,,
9528,1171,,,,,
9528,13782,,,,,
9528,,,,,,
954,,,,,,
9548,9549,,,,,
9559,,,,,,
956,274,,,,,
9568,2185,,,,,
9576,2252,,,,,
959,707,,,,,
960,247,,,,,
961,1653,,11740,,,
961,961,,,,,
963,702,2576,,,,
9638|9639,,,9640,,,
9647|1204,1205,,,,,
9653,,,,,,
9670,,,,,,
9670|1210,,,,,,
968,15893,,,,,
969,12232,2820,,,,
97,696,,,,,
9709|6717,,,,,,
9721|2239,,,,,,
9721|7713|2239,,,,,,
9734,2176,,,,,
9740,3706,,,,,
9743,1640,,,,,
975,,,384,,,
9751|2251,,,,,,
9755,,,,,,
9758,2272,,,,,
9761,879,,,,,
9765,,,,,,
9767,,,,,,
977,15035,,,,,
977,2287,,,,,
977,,,464,,,
9774,,,,,,
9776,,,,,,
978,,,1117,,,
9781|389,,,,,,
9781|817,,,,,,
979,,,135,,,
979,,,,,,
979,10906,,,,,
979,1377,,,,,
979,1361,,,,,
979,907,,794,,,
979,228,,,,,
9805,,,,,,
981,363,,,,,
983,141,,,,,
9836,,,,,,
984,134,,,,,
9850,9851,,,,,
9859,2196,,,,,
9860,,,,,,
9866,7713,,,,,
987,,,,,,
9872,,,,,,
988,225,,,,,
988,1044,,,,,
9881,,,,,,
990,223,,,,,
990,2287,,3621,,,
991,419,,,,,
9911,,,,,,
9922,,,,,,
993,3958,,,,,
9932,9933,,,,,
994,,,,,,
996,3453,,,,,
997,,,,,,
9979|8127,,,,,,
998,,,,,,
998,335,,,,,
998,409,,,,,
998,1616,,,,,
998,497,,,,,
998,2464,,,,,
998,930,,,,,
998,1006,,,,,
998,1195,,,,,
998,1434,,,,,
998,1593,,,,,
998|15109,,,,,,
999,,,8712,,,
,807,,,,,
